date,trend,signal,trend+signal,return
2018-08-19T21:00:00,0.0,0.0,0.0,0.23
2018-08-20T21:00:00,0.0,0.62,0.0,0.95
2018-08-21T21:00:00,-0.2,0.62,0.0,0.85
2018-08-22T21:00:00,-0.1,0.62,0.0,1.05
2018-08-23T21:00:00,-0.1,0.62,0.0,1.35
2018-08-26T21:00:00,-0.1,0.62,0.0,1.48
2018-08-27T21:00:00,-0.1,0.66,0.0,1.34
2018-08-28T21:00:00,-0.1,0.66,0.0,1.28
2018-08-29T21:00:00,-0.1,0.66,0.0,1.49
2018-08-30T21:00:00,-0.1,0.66,0.0,1.39
2018-09-02T21:00:00,-0.1,0.66,0.0,1.72
2018-09-03T21:00:00,0.18,0.66,0.0,2.1
2018-09-04T21:00:00,0.46,0.66,0.0,2.48
2018-09-05T21:00:00,0.03,0.89,0.0,2.15
2018-09-06T21:00:00,0.36,0.89,0.0,1.72
2018-09-09T21:00:00,-0.1,1.15,0.0,2.08
2018-09-10T21:00:00,-0.1,1.66,0.0,1.47
2018-09-11T21:00:00,-0.1,1.66,0.0,1.15
2018-09-12T21:00:00,-0.1,2.11,0.0,1.7
2018-09-13T21:00:00,-0.1,2.33,0.0,1.38
2018-09-16T21:00:00,0.32,2.75,0.94,1.9
2018-09-17T21:00:00,0.85,3.28,2.1,1.27
2018-09-18T21:00:00,1.16,2.77,2.1,0.86
2018-09-19T21:00:00,1.16,3.43,2.1,1.62
2018-09-20T21:00:00,1.16,3.51,2.1,1.44
2018-09-23T21:00:00,1.29,3.64,2.46,1.67
2018-09-24T21:00:00,1.32,3.67,2.62,1.8
2018-09-25T21:00:00,1.32,3.67,2.62,2.1
2018-09-26T21:00:00,1.88,4.23,3.84,1.44
2018-09-27T21:00:00,3.11,4.23,3.84,0.11
2018-09-30T21:00:00,3.66,3.48,3.84,-0.54
2018-10-01T21:00:00,3.72,3.22,3.84,-0.7
2018-10-02T21:00:00,3.86,3.22,3.84,-0.94
2018-10-03T21:00:00,3.86,3.84,3.84,-0.22
2018-10-04T21:00:00,3.94,3.56,3.84,-0.04
2018-10-07T21:00:00,3.66,3.64,3.84,-0.22
2018-10-08T21:00:00,3.66,3.45,3.84,-0.31
2018-10-09T21:00:00,4.75,4.54,6.12,0.88
2018-10-10T21:00:00,5.02,4.07,6.12,1.25
2018-10-11T21:00:00,4.61,4.28,6.12,0.94
2018-10-14T21:00:00,4.62,4.29,6.24,1.05
2018-10-15T21:00:00,5.0,4.67,7.1,0.57
2018-10-16T21:00:00,4.86,4.67,7.1,0.61
2018-10-17T21:00:00,4.86,4.64,7.1,0.68
2018-10-18T21:00:00,4.86,4.64,7.1,1.34
2018-10-21T21:00:00,4.86,4.95,7.1,0.93
2018-10-22T21:00:00,4.83,4.95,7.1,0.86
2018-10-23T21:00:00,5.63,5.75,8.8,-0.04
2018-10-24T21:00:00,5.59,5.59,8.8,-0.1
2018-10-25T21:00:00,4.98,6.0,8.8,0.41
2018-10-28T21:00:00,4.98,5.77,8.8,0.54
2018-10-29T21:00:00,4.98,6.08,8.8,0.13
2018-10-30T21:00:00,4.98,6.08,8.8,0.2
2018-10-31T21:00:00,4.98,6.3,8.8,0.52
2018-11-01T21:00:00,4.98,6.3,8.8,0.52
2018-11-04T22:00:00,4.98,6.52,8.8,0.84
2018-11-05T22:00:00,4.98,6.52,8.8,1.12
2018-11-06T22:00:00,4.98,6.5,8.8,1.04
2018-11-07T22:00:00,4.98,6.65,8.8,0.79
2018-11-08T22:00:00,4.98,6.71,8.8,0.95
2018-11-11T22:00:00,4.98,7.22,8.8,0.34
2018-11-12T22:00:00,4.98,7.69,8.8,0.91
2018-11-13T22:00:00,4.98,7.36,8.8,1.14
2018-11-14T22:00:00,4.57,7.36,8.8,0.83
2018-11-15T22:00:00,5.04,7.83,9.84,1.4
2018-11-18T22:00:00,5.4,7.83,9.84,1.86
2018-11-19T22:00:00,5.6,7.83,9.84,2.16
2018-11-20T22:00:00,5.11,7.83,9.84,1.77
2018-11-21T22:00:00,5.11,7.83,9.84,1.63
2018-11-22T22:00:00,5.24,7.83,9.84,1.4
2018-11-25T22:00:00,5.05,7.82,9.84,1.49
2018-11-26T22:00:00,5.05,7.82,9.84,1.53
2018-11-27T22:00:00,5.05,8.25,9.84,2.06
2018-11-28T22:00:00,5.05,7.87,9.84,2.34
2018-11-29T22:00:00,5.05,8.34,9.84,1.77
2018-12-02T22:00:00,5.05,8.34,9.84,1.47
2018-12-03T22:00:00,5.05,8.64,9.84,1.87
2018-12-04T22:00:00,5.67,9.26,11.18,2.59
2018-12-05T22:00:00,6.05,9.26,11.18,3.07
2018-12-06T22:00:00,5.57,9.54,11.18,2.69
2018-12-09T22:00:00,5.57,9.54,11.18,2.84
2018-12-10T22:00:00,5.57,9.83,11.18,2.45
2018-12-11T22:00:00,5.31,9.89,11.18,2.61
2018-12-12T22:00:00,5.29,9.89,11.18,2.53
2018-12-13T22:00:00,5.44,10.04,11.58,2.28
2018-12-16T22:00:00,5.92,10.52,12.64,2.86
2018-12-17T22:00:00,6.4,10.52,12.64,3.44
2018-12-18T22:00:00,6.51,10.52,12.64,3.65
2018-12-19T22:00:00,7.19,10.52,12.64,4.43
2018-12-20T22:00:00,7.11,10.4,12.64,4.45
2018-12-23T22:00:00,7.34,10.4,12.64,4.78
2018-12-25T22:00:00,6.58,10.4,12.64,4.12
2018-12-26T22:00:00,7.51,11.33,14.6,5.15
2018-12-27T22:00:00,7.69,11.33,14.6,5.43
2018-12-30T22:00:00,7.85,10.97,14.6,5.69
2019-01-01T22:00:00,9.22,12.34,17.44,4.22
2019-01-02T22:00:00,9.41,11.95,17.44,3.93
2019-01-03T22:00:00,10.13,11.03,17.44,3.11
2019-01-06T22:00:00,9.96,11.0,17.44,3.18
2019-01-07T22:00:00,9.96,11.36,17.44,2.72
2019-01-08T22:00:00,9.96,11.64,17.44,3.1
2019-01-09T22:00:00,9.96,11.64,17.44,2.92
2019-01-10T22:00:00,9.96,11.64,17.44,2.89
2019-01-13T22:00:00,9.96,11.64,17.44,3.13
2019-01-14T22:00:00,9.96,12.16,17.44,2.51
2019-01-15T22:00:00,10.13,11.79,17.44,2.24
2019-01-16T22:00:00,9.89,11.83,17.44,2.38
2019-01-17T22:00:00,10.12,11.83,17.44,2.05
2019-01-20T22:00:00,10.12,11.99,17.44,2.31
2019-01-21T22:00:00,10.4,11.99,17.44,2.69
2019-01-22T22:00:00,10.4,11.79,17.44,2.79
2019-01-23T22:00:00,10.4,12.26,17.44,2.22
2019-01-24T22:00:00,10.38,12.26,17.44,2.14
2019-01-27T22:00:00,10.38,12.68,17.44,2.66
2019-01-28T22:00:00,10.38,12.47,17.44,2.77
2019-01-29T22:00:00,10.38,12.88,17.44,2.26
2019-01-30T22:00:00,10.38,12.88,17.44,1.78
2019-01-31T22:00:00,10.38,12.88,17.44,1.68
2019-02-03T22:00:00,10.31,12.88,17.44,1.65
2019-02-04T22:00:00,10.39,12.88,17.44,1.47
2019-02-05T22:00:00,10.39,13.02,17.44,1.71
2019-02-06T22:00:00,10.39,13.02,17.44,2.22
2019-02-07T22:00:00,10.39,13.26,17.44,1.88
2019-02-10T22:00:00,10.39,13.26,17.44,1.72
2019-02-11T22:00:00,10.32,13.26,17.44,1.69
2019-02-12T22:00:00,10.68,13.26,17.44,1.23
2019-02-13T22:00:00,9.96,13.78,17.44,1.85
2019-02-14T22:00:00,9.96,14.04,17.44,1.49
2019-02-17T22:00:00,9.96,14.04,17.44,1.54
2019-02-18T22:00:00,9.81,14.04,17.44,1.59
2019-02-19T22:00:00,9.81,14.04,17.44,1.26
2019-02-20T22:00:00,9.81,14.33,17.44,1.65
2019-02-21T22:00:00,9.81,14.95,17.44,0.93
2019-02-24T22:00:00,9.81,15.43,17.44,1.51
2019-02-25T22:00:00,9.78,15.26,17.44,1.58
2019-02-26T22:00:00,9.42,15.26,17.44,1.32
2019-02-27T22:00:00,9.49,15.33,17.68,1.49
2019-02-28T22:00:00,10.32,15.33,17.68,2.42
2019-03-03T22:00:00,10.04,15.41,17.68,2.24
2019-03-04T22:00:00,10.04,15.39,17.68,2.32
2019-03-05T22:00:00,10.04,15.96,17.68,2.99
2019-03-06T22:00:00,10.04,16.76,17.68,2.09
2019-03-07T22:00:00,10.04,16.76,17.68,2.19
2019-03-10T21:00:00,10.01,16.76,17.68,2.12
2019-03-11T21:00:00,9.85,16.76,17.68,2.18
2019-03-12T21:00:00,9.85,16.76,17.68,2.12
2019-03-13T21:00:00,9.85,16.76,17.68,2.16
2019-03-14T21:00:00,9.97,16.76,17.68,2.38
2019-03-17T21:00:00,10.03,16.76,17.68,2.54
2019-03-18T21:00:00,9.98,16.76,17.68,2.59
2019-03-19T21:00:00,10.28,17.06,18.38,2.99
2019-03-20T21:00:00,10.31,17.06,18.38,3.12
2019-03-21T21:00:00,10.31,17.06,18.38,2.96
2019-03-24T21:00:00,10.31,17.06,18.38,2.95
2019-03-25T21:00:00,10.31,17.52,18.38,2.39
2019-03-26T21:00:00,10.17,17.46,18.38,2.43
2019-03-27T21:00:00,10.03,17.46,18.38,2.47
2019-03-28T21:00:00,10.62,18.05,19.66,1.78
2019-03-31T21:00:00,10.97,18.05,19.66,1.33
2019-04-01T21:00:00,10.73,18.09,19.66,1.47
2019-04-02T21:00:00,10.73,18.3,19.66,1.78
2019-04-03T21:00:00,10.65,18.18,19.66,1.8
2019-04-04T21:00:00,10.69,17.94,19.66,1.94
2019-04-07T21:00:00,10.69,17.94,19.66,1.77
2019-04-08T21:00:00,10.69,17.94,19.66,1.89
2019-04-09T21:00:00,10.64,17.94,19.66,1.94
2019-04-10T21:00:00,10.87,18.17,20.22,2.27
2019-04-11T21:00:00,10.71,18.17,20.22,2.21
2019-04-14T21:00:00,10.83,18.17,20.22,2.43
2019-04-15T21:00:00,10.83,18.44,20.22,2.06
2019-04-16T21:00:00,10.83,18.39,20.22,2.11
2019-04-17T21:00:00,11.03,18.39,20.22,1.81
2019-04-18T21:00:00,10.69,18.53,20.22,2.05
2019-04-21T21:00:00,10.69,18.53,20.22,1.87
2019-04-22T21:00:00,10.69,18.53,20.22,2.16
2019-04-23T21:00:00,10.69,18.52,20.22,2.07
2019-04-24T21:00:00,10.69,18.66,20.22,1.83
2019-04-25T21:00:00,10.69,18.66,20.22,1.75
2019-04-28T21:00:00,10.25,18.9,20.22,2.09
2019-04-29T21:00:00,10.25,19.04,20.22,1.85
2019-04-30T21:00:00,10.25,19.04,20.22,2.03
2019-05-01T21:00:00,10.21,19.04,20.22,2.09
2019-05-02T21:00:00,10.21,19.04,20.22,1.99
2019-05-05T21:00:00,10.23,19.04,20.22,2.11
2019-05-06T21:00:00,10.23,19.04,20.22,2.21
2019-05-07T21:00:00,10.19,19.04,20.22,2.27
2019-05-08T21:00:00,10.26,19.04,20.22,2.44
2019-05-09T21:00:00,10.26,19.2,20.22,2.18
2019-05-12T21:00:00,10.26,19.2,20.22,2.52
2019-05-13T21:00:00,10.26,19.37,20.22,2.25
2019-05-14T21:00:00,10.26,19.37,20.22,2.03
2019-05-15T21:00:00,10.25,19.37,20.22,1.94
2019-05-16T21:00:00,10.25,19.37,20.22,1.78
2019-05-19T21:00:00,10.25,19.35,20.22,1.7
2019-05-20T21:00:00,10.25,19.35,20.22,1.47
2019-05-21T21:00:00,10.25,19.35,20.22,1.61
2019-05-22T21:00:00,10.71,19.81,21.24,2.17
2019-05-23T21:00:00,10.56,19.76,21.24,2.12
2019-05-26T21:00:00,10.56,19.76,21.24,1.99
2019-05-27T21:00:00,10.56,19.76,21.24,2.07
2019-05-28T21:00:00,10.56,19.76,21.24,2.0
2019-05-29T21:00:00,10.56,19.76,21.24,1.83
2019-05-30T21:00:00,10.56,20.12,21.24,2.29
2019-06-02T21:00:00,10.55,20.12,21.24,2.38
2019-06-03T21:00:00,10.19,20.28,21.24,2.12
2019-06-04T21:00:00,10.19,20.28,21.24,2.02
2019-06-05T21:00:00,10.19,20.28,21.24,2.1
2019-06-06T21:00:00,10.19,20.4,21.24,1.88
2019-06-09T21:00:00,10.19,20.4,21.24,1.98
2019-06-10T21:00:00,10.19,20.4,21.24,2.22
2019-06-11T21:00:00,10.18,20.4,21.24,2.31
2019-06-12T21:00:00,10.18,20.4,21.24,2.09
2019-06-13T21:00:00,10.18,20.34,21.24,2.13
2019-06-16T21:00:00,10.18,20.34,21.24,2.22
2019-06-17T21:00:00,10.56,20.72,22.1,1.74
2019-06-18T21:00:00,10.91,20.72,22.1,1.29
2019-06-19T21:00:00,10.9,20.53,22.1,1.2
2019-06-20T21:00:00,10.9,21.32,22.1,2.09
2019-06-23T21:00:00,10.76,21.26,22.1,2.05
2019-06-24T21:00:00,10.76,21.55,22.1,1.66
2019-06-25T21:00:00,10.97,21.55,22.1,1.35
2019-06-26T21:00:00,11.11,21.21,22.1,1.11
2019-06-27T21:00:00,10.99,21.13,22.1,1.13
2019-06-30T21:00:00,11.15,21.29,22.52,0.87
2019-07-01T21:00:00,11.28,21.29,22.52,0.64
2019-07-02T21:00:00,11.63,21.64,23.32,0.19
2019-07-03T21:00:00,11.54,21.53,23.32,0.18
2019-07-04T21:00:00,11.77,21.76,23.88,-0.15
2019-07-07T21:00:00,11.6,21.73,23.88,-0.08
2019-07-08T21:00:00,11.6,21.86,23.88,0.15
2019-07-09T21:00:00,11.6,21.74,23.88,0.17
2019-07-10T21:00:00,11.6,21.73,23.88,0.08
2019-07-11T21:00:00,11.72,21.73,23.88,-0.14
2019-07-14T21:00:00,11.72,21.61,23.88,-0.16
2019-07-15T21:00:00,11.72,21.61,23.88,-0.28
2019-07-16T21:00:00,11.72,21.61,23.88,-0.37
2019-07-17T21:00:00,11.72,21.61,23.88,-0.09
2019-07-18T21:00:00,11.72,21.78,23.88,-0.36
2019-07-21T21:00:00,11.72,22.05,23.88,0.01
2019-07-22T21:00:00,11.72,22.36,23.88,-0.4
2019-07-23T21:00:00,11.72,22.19,23.88,-0.47
2019-07-24T21:00:00,11.72,22.19,23.88,-0.24
2019-07-25T21:00:00,11.72,22.22,23.88,-0.37
2019-07-28T21:00:00,11.72,22.22,23.88,-0.25
2019-07-29T21:00:00,11.72,22.22,23.88,-0.23
2019-07-30T21:00:00,11.72,22.22,23.88,-0.64
2019-07-31T21:00:00,11.72,22.37,23.88,-0.39
2019-08-01T21:00:00,11.79,22.37,23.88,-0.22
2019-08-04T21:00:00,12.55,23.13,25.5,0.64
2019-08-05T21:00:00,13.02,23.13,25.5,1.21
2019-08-06T21:00:00,13.11,22.84,25.5,1.4
2019-08-07T21:00:00,12.26,23.49,25.5,0.65
2019-08-08T21:00:00,12.26,23.48,25.5,0.74
2019-08-11T21:00:00,12.26,23.8,25.5,1.16
2019-08-12T21:00:00,12.64,24.18,26.36,0.68
2019-08-13T21:00:00,12.64,24.18,26.36,1.1
2019-08-14T21:00:00,12.64,24.38,26.36,0.8
2019-08-15T21:00:00,12.64,24.38,26.36,0.29
2019-08-18T21:00:00,12.64,24.49,26.36,0.5
2019-08-19T21:00:00,12.37,24.49,26.36,0.67
2019-08-20T21:00:00,12.37,24.74,26.36,0.32
2019-08-21T21:00:00,12.37,24.7,26.36,0.38
2019-08-22T21:00:00,12.37,25.01,26.36,0.79
2019-08-25T21:00:00,12.37,25.68,26.36,0.02
2019-08-26T21:00:00,12.16,25.69,26.36,0.13
2019-08-27T21:00:00,11.99,25.69,26.36,0.2
2019-08-28T21:00:00,12.23,25.93,26.94,-0.14
2019-08-29T21:00:00,12.6,25.93,26.94,-0.61
2019-09-01T21:00:00,12.65,25.68,26.94,-0.76
2019-09-02T21:00:00,12.43,25.7,26.94,-0.64
2019-09-03T21:00:00,12.61,25.7,26.94,-0.92
2019-09-04T21:00:00,12.49,25.7,26.94,-0.9
2019-09-05T21:00:00,12.92,26.13,27.9,-1.43
2019-09-08T21:00:00,12.7,26.15,27.9,-1.31
2019-09-09T21:00:00,12.77,26.22,28.14,-1.48
2019-09-10T21:00:00,12.69,26.22,28.14,-1.46
2019-09-11T21:00:00,13.21,26.74,29.28,-0.84
2019-09-12T21:00:00,13.79,26.74,29.28,-0.16
2019-09-15T21:00:00,13.17,27.16,29.28,-0.68
2019-09-16T21:00:00,13.76,27.75,30.56,0.01
2019-09-17T21:00:00,13.59,27.72,30.56,-0.06
2019-09-18T21:00:00,13.59,27.72,30.56,-0.14
2019-09-19T21:00:00,13.71,27.72,30.56,-0.36
2019-09-22T21:00:00,13.82,27.72,30.56,-0.57
2019-09-23T21:00:00,13.61,27.73,30.56,-0.46
2019-09-24T21:00:00,14.02,28.14,31.48,-0.97
2019-09-25T21:00:00,14.13,27.83,31.48,-1.18
2019-09-26T21:00:00,14.0,27.83,31.48,-1.15
2019-09-29T21:00:00,14.31,28.14,32.2,-1.56
2019-09-30T21:00:00,14.31,28.19,32.2,-1.41
2019-10-01T21:00:00,15.21,28.19,32.2,-0.41
2019-10-02T21:00:00,15.23,27.97,32.2,-0.29
2019-10-03T21:00:00,15.05,27.97,32.2,-0.37
2019-10-06T21:00:00,14.71,27.97,32.2,-0.61
2019-10-07T21:00:00,14.63,27.97,32.2,-0.63
2019-10-08T21:00:00,14.63,28.06,32.2,-0.44
2019-10-09T21:00:00,14.63,27.96,32.2,-0.44
2019-10-10T21:00:00,14.63,28.25,32.2,-0.83
2019-10-13T21:00:00,14.63,28.33,32.2,-0.65
2019-10-14T21:00:00,14.63,28.33,32.2,-0.88
2019-10-15T21:00:00,14.63,28.6,32.2,-0.51
2019-10-16T21:00:00,14.49,28.54,32.2,-0.55
2019-10-17T21:00:00,14.73,28.78,32.78,-0.21
2019-10-20T21:00:00,14.73,29.18,32.78,-0.71
2019-10-21T21:00:00,14.81,28.9,32.78,-0.89
2019-10-22T21:00:00,14.86,28.9,32.78,-1.04
2019-10-23T21:00:00,15.01,29.05,33.18,-1.29
2019-10-24T21:00:00,15.23,29.27,33.72,-1.61
2019-10-27T21:00:00,15.01,29.29,33.72,-1.49
2019-10-28T21:00:00,15.27,29.55,34.34,-1.13
2019-10-29T21:00:00,16.06,30.34,36.02,-0.24
2019-10-30T21:00:00,15.99,30.21,36.02,-0.21
2019-10-31T21:00:00,15.99,30.21,36.02,-0.26
2019-11-03T22:00:00,15.99,30.37,36.02,-0.52
2019-11-04T22:00:00,16.33,30.37,36.02,-0.96
2019-11-05T22:00:00,16.1,30.4,36.02,-0.83
2019-11-06T22:00:00,16.23,30.53,36.38,-1.06
2019-11-07T22:00:00,16.23,30.56,36.38,-0.93
2019-11-10T22:00:00,16.23,30.56,36.38,-0.77
2019-11-11T22:00:00,16.23,30.67,36.38,-0.98
2019-11-12T22:00:00,16.23,30.67,36.38,-0.86
2019-11-13T22:00:00,16.23,30.67,36.38,-0.75
2019-11-14T22:00:00,16.22,30.67,36.38,-0.66
2019-11-17T22:00:00,16.16,30.67,36.38,-0.62
2019-11-18T22:00:00,16.58,30.67,36.38,-0.1
2019-11-19T22:00:00,16.71,30.34,36.38,0.13
2019-11-20T22:00:00,16.34,30.51,36.38,-0.14
2019-11-21T22:00:00,16.34,30.51,36.38,-0.36
2019-11-24T22:00:00,16.29,30.36,36.38,-0.41
2019-11-25T22:00:00,16.35,30.36,36.38,-0.57
2019-11-26T22:00:00,16.39,30.36,36.38,-0.71
2019-11-27T22:00:00,16.39,30.3,36.38,-0.67
2019-11-28T22:00:00,16.36,30.27,36.42,-0.6
2019-12-01T22:00:00,17.02,30.93,37.84,0.16
2019-12-02T22:00:00,16.91,30.84,37.84,0.15
2019-12-03T22:00:00,16.91,30.84,37.84,-0.59
2019-12-04T22:00:00,16.77,30.78,37.84,-0.55
2019-12-05T22:00:00,16.5,30.78,37.84,-0.38
2019-12-08T22:00:00,16.5,30.78,37.84,-0.46
2019-12-09T22:00:00,16.5,30.78,37.84,-0.25
2019-12-10T22:00:00,16.29,30.79,37.84,-0.36
2019-12-11T22:00:00,16.29,30.79,37.84,-0.28
2019-12-12T22:00:00,16.74,31.24,38.84,-0.83
2019-12-15T22:00:00,16.64,31.24,38.84,-0.83
2019-12-16T22:00:00,16.47,31.24,38.84,-0.76
2019-12-17T22:00:00,17.03,31.8,40.06,-1.42
2019-12-18T22:00:00,16.79,31.84,40.06,-1.28
2019-12-19T22:00:00,16.9,31.84,40.06,-1.49
2019-12-22T22:00:00,16.9,31.84,40.06,-1.43
2019-12-23T22:00:00,16.9,31.84,40.06,-1.31
2019-12-25T22:00:00,16.9,31.84,40.06,-1.65
2019-12-26T22:00:00,17.27,32.21,40.9,-1.18
2019-12-29T22:00:00,17.31,32.21,40.9,-1.04
2019-12-30T22:00:00,17.31,32.58,40.9,-1.51
2020-01-01T22:00:00,17.6,32.58,40.9,-1.9
2020-01-02T22:00:00,17.48,32.5,40.9,-1.88
2020-01-05T22:00:00,17.28,32.5,40.9,-1.78
2020-01-06T22:00:00,17.28,32.5,40.9,-1.88
2020-01-07T22:00:00,17.34,32.5,40.9,-2.04
2020-01-08T22:00:00,17.34,32.5,40.9,-1.9
2020-01-09T22:00:00,17.34,32.5,40.9,-1.8
2020-01-12T22:00:00,17.4,32.5,40.9,-1.64
2020-01-13T22:00:00,17.28,32.5,40.9,-1.66
2020-01-14T22:00:00,17.23,32.5,40.9,-1.61
2020-01-15T22:00:00,17.26,32.53,41.06,-1.74
2020-01-16T22:00:00,17.38,32.65,41.4,-1.96
2020-01-19T22:00:00,17.36,32.65,41.4,-2.04
2020-01-20T22:00:00,17.36,32.61,41.4,-1.98
2020-01-21T22:00:00,17.36,32.61,41.4,-1.43
2020-01-22T22:00:00,17.36,32.9,41.4,-1.82
2020-01-23T22:00:00,17.36,32.9,41.4,-1.92
2020-01-26T22:00:00,17.36,32.9,41.4,-1.76
2020-01-27T22:00:00,17.52,33.06,41.82,-2.02
2020-01-28T22:00:00,17.52,33.06,41.82,-1.81
2020-01-29T22:00:00,17.7,33.24,42.28,-1.53
2020-01-30T22:00:00,18.39,33.93,43.76,-0.74
2020-02-02T22:00:00,18.33,33.79,43.76,-0.7
2020-02-03T22:00:00,17.9,34.02,43.76,-1.03
2020-02-04T22:00:00,18.18,34.02,43.76,-1.41
2020-02-05T22:00:00,18.24,33.76,43.76,-1.57
2020-02-06T22:00:00,18.31,33.49,43.76,-1.74
2020-02-09T22:00:00,18.43,33.49,43.76,-1.96
2020-02-10T22:00:00,18.52,33.49,43.76,-2.15
2020-02-11T22:00:00,19.11,34.08,45.04,-2.84
2020-02-12T22:00:00,19.2,33.79,45.04,-3.03
2020-02-13T22:00:00,19.31,33.79,45.04,-3.24
2020-02-16T22:00:00,19.42,33.9,45.36,-3.45
2020-02-17T22:00:00,19.52,34.0,45.66,-3.65
2020-02-18T22:00:00,19.52,34.0,45.66,-3.83
2020-02-19T22:00:00,19.52,34.0,45.66,-3.76
2020-02-20T22:00:00,19.52,34.0,45.66,-3.45
2020-02-23T22:00:00,20.08,34.0,45.66,-2.79
2020-02-24T22:00:00,20.13,33.75,45.66,-2.64
2020-02-25T22:00:00,20.43,34.05,46.36,-2.24
2020-02-26T22:00:00,21.86,35.48,49.32,-0.71
2020-02-27T22:00:00,22.03,35.11,49.32,-0.44
2020-03-01T22:00:00,21.87,35.11,49.32,-0.5
2020-03-02T22:00:00,22.57,35.11,49.32,0.3
2020-03-03T22:00:00,22.14,35.34,49.32,-0.03
2020-03-04T22:00:00,23.13,36.33,51.4,1.06
2020-03-05T22:00:00,23.54,36.33,51.4,1.57
2020-03-08T21:00:00,27.02,39.81,58.46,5.15
2020-03-09T21:00:00,25.62,41.01,58.46,3.85
2020-03-10T21:00:00,25.79,41.18,58.9,4.12
2020-03-11T21:00:00,25.79,41.18,58.9,4.44
2020-03-12T21:00:00,25.79,42.61,58.9,2.91
2020-03-15T21:00:00,25.79,44.43,58.9,4.83
2020-03-16T21:00:00,25.79,44.68,58.9,4.48
2020-03-17T21:00:00,27.05,44.68,58.9,5.84
2020-03-18T21:00:00,28.93,46.56,62.76,3.86
2020-03-19T21:00:00,29.86,45.43,62.76,2.83
2020-03-22T21:00:00,28.66,46.43,62.76,3.93
2020-03-23T21:00:00,28.2,45.97,61.94,4.29
2020-03-24T21:00:00,28.2,45.97,61.94,3.27
2020-03-25T21:00:00,28.2,45.97,61.94,3.43
2020-03-26T21:00:00,28.83,45.97,61.94,4.16
2020-03-29T21:00:00,29.11,45.49,61.94,4.54
2020-03-30T21:00:00,29.11,45.49,61.94,3.72
2020-03-31T21:00:00,29.11,45.49,61.94,4.0
2020-04-01T21:00:00,30.34,46.72,64.5,2.67
2020-04-02T21:00:00,30.3,46.56,64.5,2.61
2020-04-05T21:00:00,31.13,47.39,66.26,1.68
2020-04-06T21:00:00,30.95,47.37,66.26,1.76
2020-04-07T21:00:00,31.03,47.37,66.26,1.58
2020-04-08T21:00:00,31.03,47.37,66.26,1.97
2020-04-09T21:00:00,31.03,47.35,66.26,1.89
2020-04-12T21:00:00,31.03,47.76,66.26,1.38
2020-04-13T21:00:00,31.03,48.13,66.26,1.85
2020-04-14T21:00:00,31.03,48.13,66.26,2.87
2020-04-15T21:00:00,31.03,48.9,66.26,2.0
2020-04-16T21:00:00,31.03,48.56,66.26,1.76
2020-04-19T21:00:00,31.03,49.35,66.26,2.65
2020-04-20T21:00:00,31.32,49.35,66.26,3.04
2020-04-21T21:00:00,31.32,49.94,66.26,2.35
2020-04-22T21:00:00,32.25,50.87,68.22,1.32
2020-04-23T21:00:00,31.53,51.39,68.22,1.94
2020-04-26T21:00:00,31.86,51.72,68.98,1.51
2020-04-27T21:00:00,32.09,51.95,69.54,1.18
2020-04-28T21:00:00,32.09,51.95,69.54,0.82
2020-04-29T21:00:00,33.15,53.01,71.76,1.98
2020-04-30T21:00:00,34.33,53.01,71.76,3.26
2020-05-03T21:00:00,33.66,53.48,71.76,2.69
2020-05-04T21:00:00,33.66,54.34,71.76,1.73
2020-05-05T21:00:00,33.32,54.48,71.76,1.97
2020-05-06T21:00:00,34.1,54.48,71.76,1.09
2020-05-07T21:00:00,34.28,54.1,71.76,0.81
2020-05-10T21:00:00,33.85,54.33,71.76,1.14
2020-05-11T21:00:00,34.62,55.1,73.4,2.01
2020-05-12T21:00:00,34.4,55.12,73.4,1.89
2020-05-13T21:00:00,33.82,55.5,73.4,1.41
2020-05-14T21:00:00,33.82,56.01,73.4,2.02
2020-05-17T21:00:00,33.82,56.1,73.4,1.83
2020-05-18T21:00:00,33.82,56.1,73.4,1.93
2020-05-19T21:00:00,33.82,56.16,73.4,2.09
2020-05-20T21:00:00,33.82,56.16,73.4,2.19
2020-05-21T21:00:00,33.82,56.17,73.4,2.08
2020-05-24T21:00:00,33.81,56.17,73.4,1.99
2020-05-25T21:00:00,34.42,56.17,73.4,1.28
2020-05-26T21:00:00,34.42,56.11,73.4,1.32
2020-05-27T21:00:00,34.42,56.74,73.4,2.05
2020-05-28T21:00:00,34.42,56.32,73.4,2.37
2020-05-31T21:00:00,34.42,57.38,73.4,1.21
2020-06-01T21:00:00,34.42,57.18,73.4,1.11
2020-06-02T21:00:00,34.42,57.48,73.4,1.51
2020-06-03T21:00:00,34.42,58.31,73.4,2.44
2020-06-04T21:00:00,34.42,59.21,73.4,1.44
2020-06-07T21:00:00,34.42,58.86,73.4,1.19
2020-06-08T21:00:00,34.42,59.45,73.4,1.88
2020-06-09T21:00:00,34.42,59.45,73.4,2.14
2020-06-10T21:00:00,35.26,59.45,73.4,3.08
2020-06-11T21:00:00,34.51,60.0,73.4,2.43
2020-06-14T21:00:00,34.92,60.41,74.32,2.94
2020-06-15T21:00:00,35.57,61.06,75.72,2.19
2020-06-16T21:00:00,35.49,60.94,75.72,2.17
2020-06-17T21:00:00,35.48,60.94,75.72,2.08
2020-06-18T21:00:00,35.57,60.94,75.72,1.89
2020-06-21T21:00:00,35.44,60.87,75.72,1.92
2020-06-22T21:00:00,35.97,61.4,76.88,2.55
2020-06-23T21:00:00,36.01,61.16,76.88,2.69
2020-06-24T21:00:00,35.63,61.34,76.88,2.41
2020-06-25T21:00:00,35.63,61.63,76.88,2.8
2020-06-28T21:00:00,35.63,61.63,76.88,2.86
2020-06-29T21:00:00,36.22,62.22,78.16,2.17
2020-06-30T21:00:00,35.9,62.34,78.16,2.39
2020-07-01T21:00:00,36.07,62.51,78.6,2.12
2020-07-02T21:00:00,36.0,62.51,78.6,2.09
2020-07-05T21:00:00,36.0,62.78,78.6,2.46
2020-07-06T21:00:00,36.07,62.78,78.6,2.63
2020-07-07T21:00:00,35.79,62.78,78.6,2.45
2020-07-08T21:00:00,35.79,62.78,78.6,2.6
2020-07-09T21:00:00,35.87,62.78,78.6,2.78
2020-07-12T21:00:00,36.23,62.78,78.6,3.24
2020-07-13T21:00:00,36.69,62.12,78.6,3.8
2020-07-14T21:00:00,36.69,62.72,78.6,3.1
2020-07-15T21:00:00,36.69,62.86,78.6,3.34
2020-07-16T21:00:00,36.69,63.18,78.6,3.76
2020-07-19T21:00:00,36.59,63.08,78.6,3.76
2020-07-20T21:00:00,36.62,63.08,78.6,3.89
2020-07-21T21:00:00,36.62,63.08,78.6,3.94
2020-07-22T21:00:00,36.62,63.12,78.6,4.08
2020-07-23T21:00:00,36.62,63.57,78.6,4.63
2020-07-26T21:00:00,36.89,63.57,78.6,5.0
2020-07-27T21:00:00,36.65,63.57,78.6,4.86
2020-07-28T21:00:00,36.87,63.79,79.14,5.18
2020-07-29T21:00:00,37.91,64.83,81.32,6.32
2020-07-30T21:00:00,37.1,65.44,81.32,5.61
2020-08-02T21:00:00,37.1,65.44,81.32,5.33
2020-08-03T21:00:00,37.1,65.14,81.32,5.13
2020-08-04T21:00:00,37.1,65.18,81.32,5.27
2020-08-05T21:00:00,37.1,65.18,81.32,5.68
2020-08-06T21:00:00,37.1,65.28,81.32,5.48
2020-08-09T21:00:00,37.8,65.98,82.82,4.68
2020-08-10T21:00:00,38.09,65.98,82.82,4.29
2020-08-11T21:00:00,38.04,65.83,82.82,4.24
2020-08-12T21:00:00,38.04,65.83,82.82,4.39
2020-08-13T21:00:00,38.04,65.83,82.82,4.96
2020-08-16T21:00:00,37.87,65.8,82.82,4.89
2020-08-17T21:00:00,37.93,65.8,82.82,5.05
2020-08-18T21:00:00,37.93,66.06,82.82,4.69
2020-08-19T21:00:00,37.87,65.92,82.82,4.65
2020-08-20T21:00:00,38.38,66.43,83.94,4.04
2020-08-23T21:00:00,38.01,66.6,83.94,4.31
2020-08-24T21:00:00,37.87,66.6,83.94,4.35
2020-08-25T21:00:00,37.87,66.6,83.94,4.1
2020-08-26T21:00:00,37.87,66.6,83.94,3.9
2020-08-27T21:00:00,37.87,66.98,83.94,4.38
2020-08-30T21:00:00,37.87,66.98,83.94,4.27
2020-08-31T21:00:00,37.87,66.98,83.94,4.24
2020-09-01T21:00:00,38.4,67.51,85.1,3.61
2020-09-02T21:00:00,37.69,68.02,85.1,4.22
2020-09-03T21:00:00,38.19,68.52,86.2,3.62
2020-09-06T21:00:00,38.0,68.52,86.2,3.71
2020-09-07T21:00:00,38.6,69.12,87.5,4.41
2020-09-08T21:00:00,38.05,69.47,87.5,3.96
2020-09-09T21:00:00,38.4,69.82,88.3,4.41
2020-09-10T21:00:00,38.5,69.82,88.3,4.61
2020-09-13T21:00:00,38.55,69.82,88.3,4.76
2020-09-14T21:00:00,38.55,69.82,88.3,4.69
2020-09-15T21:00:00,38.55,70.06,88.3,4.35
2020-09-16T21:00:00,38.55,70.13,88.3,4.52
2020-09-17T21:00:00,38.55,70.27,88.3,4.76
2020-09-20T21:00:00,38.55,70.27,88.3,4.95
2020-09-21T21:00:00,38.55,70.7,88.3,4.42
2020-09-22T21:00:00,38.24,70.81,88.3,4.63
2020-09-23T21:00:00,38.24,70.81,88.3,4.53
2020-09-24T21:00:00,38.24,70.81,88.3,4.39
2020-09-27T21:00:00,38.35,70.92,88.62,4.6
2020-09-28T21:00:00,39.04,71.61,90.1,5.39
2020-09-29T21:00:00,38.25,72.2,90.1,4.7
2020-09-30T21:00:00,38.25,72.07,90.1,4.67
2020-10-01T21:00:00,38.25,72.07,90.1,4.57
2020-10-04T21:00:00,38.25,72.07,90.1,4.83
2020-10-05T21:00:00,38.25,72.07,90.1,4.79
2020-10-06T21:00:00,38.25,72.07,90.1,4.62
2020-10-07T21:00:00,38.25,72.45,90.1,4.14
2020-10-08T21:00:00,38.16,72.34,90.1,4.13
2020-10-11T21:00:00,38.2,72.38,90.28,3.99
2020-10-12T21:00:00,38.49,72.67,90.96,3.6
2020-10-13T21:00:00,38.29,72.67,90.96,3.7
2020-10-14T21:00:00,38.29,72.67,90.96,3.96
2020-10-15T21:00:00,38.01,72.67,90.96,3.78
2020-10-18T21:00:00,38.01,72.99,90.96,4.2
2020-10-19T21:00:00,38.01,72.92,90.96,4.17
2020-10-20T21:00:00,38.35,72.92,90.96,4.61
2020-10-21T21:00:00,37.85,73.22,90.96,4.21
2020-10-22T21:00:00,37.85,73.4,90.96,4.49
2020-10-25T21:00:00,37.85,73.4,90.96,4.71
2020-10-26T21:00:00,37.85,73.62,90.96,4.39
2020-10-27T21:00:00,37.85,74.14,90.96,5.01
2020-10-28T21:00:00,37.85,74.63,90.96,4.42
2020-10-29T21:00:00,38.01,74.63,90.96,4.16
2020-11-01T22:00:00,38.76,74.63,90.96,3.31
2020-11-02T22:00:00,38.66,74.53,90.96,3.31
2020-11-03T22:00:00,38.49,74.5,90.96,3.38
2020-11-04T22:00:00,38.49,74.58,90.96,3.56
2020-11-05T22:00:00,38.49,74.58,90.96,4.05
2020-11-08T22:00:00,38.49,75.38,90.96,3.15
2020-11-09T22:00:00,38.21,75.46,90.96,3.33
2020-11-10T22:00:00,38.21,75.31,90.96,3.28
2020-11-11T22:00:00,38.21,76.08,90.96,4.15
2020-11-12T22:00:00,38.29,75.8,90.96,4.33
2020-11-15T22:00:00,37.82,76.07,90.96,3.96
2020-11-16T22:00:00,37.82,76.28,90.96,4.27
2020-11-17T22:00:00,37.82,76.4,90.96,4.05
2020-11-18T22:00:00,37.82,76.4,90.96,4.13
2020-11-19T22:00:00,37.82,76.4,90.96,4.16
2020-11-22T22:00:00,37.86,76.4,90.96,4.02
2020-11-23T22:00:00,37.99,76.4,90.96,3.79
2020-11-24T22:00:00,37.99,76.4,90.96,4.06
2020-11-25T22:00:00,37.99,76.25,90.96,4.11
2020-11-26T22:00:00,38.1,76.25,90.96,4.32
2020-11-29T22:00:00,38.1,76.4,90.96,4.07
2020-11-30T22:00:00,38.1,76.97,90.96,4.74
2020-12-01T22:00:00,38.1,76.97,90.96,4.97
2020-12-02T22:00:00,38.1,77.04,90.96,4.8
2020-12-03T22:00:00,38.1,77.74,90.96,4.0
2020-12-06T22:00:00,38.04,77.6,90.96,3.96
2020-12-07T22:00:00,37.83,77.61,90.96,4.07
2020-12-08T22:00:00,37.91,77.69,91.22,3.89
2020-12-09T22:00:00,37.91,77.69,91.22,3.79
2020-12-10T22:00:00,37.79,77.69,91.22,3.81
2020-12-13T22:00:00,37.79,77.48,91.22,3.92
2020-12-14T22:00:00,37.79,77.81,91.22,3.49
2020-12-15T22:00:00,38.38,78.4,92.5,4.18
2020-12-16T22:00:00,38.72,78.4,92.5,4.62
2020-12-17T22:00:00,39.03,78.4,92.5,5.03
2020-12-20T22:00:00,39.55,77.68,92.5,5.65
2020-12-21T22:00:00,39.23,77.8,92.5,5.43
2020-12-22T22:00:00,39.23,78.0,92.5,5.13
2020-12-23T22:00:00,39.23,78.01,92.5,5.24
2020-12-27T22:00:00,39.05,78.01,92.5,5.32
2020-12-28T22:00:00,39.05,78.01,92.5,5.36
2020-12-29T22:00:00,39.07,78.03,92.64,5.24
2020-12-30T22:00:00,39.79,78.75,94.18,4.42
2021-01-03T22:00:00,39.16,79.18,94.18,4.95
2021-01-04T22:00:00,39.5,79.52,94.96,4.51
2021-01-05T22:00:00,39.11,79.71,94.96,4.8
2021-01-06T22:00:00,39.4,80.0,95.64,4.41
2021-01-07T22:00:00,39.76,80.0,95.64,3.95
2021-01-10T22:00:00,39.6,79.96,95.64,4.01
2021-01-11T22:00:00,39.59,79.96,95.64,3.92
2021-01-12T22:00:00,40.01,80.38,96.58,3.4
2021-01-13T22:00:00,40.38,80.38,96.58,2.93
2021-01-14T22:00:00,40.17,80.39,96.58,3.04
2021-01-17T22:00:00,39.98,80.39,96.58,3.13
2021-01-18T22:00:00,39.6,80.39,96.58,3.41
2021-01-19T22:00:00,39.6,81.25,96.58,2.45
2021-01-20T22:00:00,39.6,81.63,96.58,2.93
2021-01-21T22:00:00,40.31,82.34,98.1,3.74
2021-01-24T22:00:00,40.12,82.33,98.1,3.65
2021-01-25T22:00:00,39.82,82.33,98.1,3.45
2021-01-26T22:00:00,40.11,82.62,98.78,3.84
2021-01-27T22:00:00,40.32,82.62,98.78,4.15
2021-01-28T22:00:00,39.93,82.62,98.78,3.86
2021-01-31T22:00:00,39.87,82.62,98.78,3.82
2021-02-01T22:00:00,40.44,82.62,98.78,3.15
2021-02-02T22:00:00,40.38,82.48,98.78,3.11
2021-02-03T22:00:00,40.58,82.48,98.78,2.81
2021-02-04T22:00:00,40.36,82.48,98.78,2.93
2021-02-07T22:00:00,40.35,82.48,98.78,2.84
2021-02-08T22:00:00,40.35,82.59,98.78,3.05
2021-02-09T22:00:00,40.24,82.5,98.78,3.04
2021-02-10T22:00:00,40.26,82.5,98.78,3.16
2021-02-11T22:00:00,40.26,82.52,98.78,3.04
2021-02-14T22:00:00,40.54,82.8,99.44,2.66
2021-02-15T22:00:00,40.24,82.9,99.44,2.86
2021-02-16T22:00:00,40.61,83.27,100.28,2.39
2021-02-17T22:00:00,40.31,83.37,100.28,2.59
2021-02-18T22:00:00,40.46,83.52,100.68,2.34
2021-02-21T22:00:00,39.99,83.79,100.68,2.71
2021-02-22T22:00:00,39.99,83.95,100.68,2.45
2021-02-23T22:00:00,39.99,83.95,100.68,2.02
2021-02-24T22:00:00,39.99,84.6,100.68,2.77
2021-02-25T22:00:00,39.99,84.33,100.68,2.94
2021-02-28T22:00:00,39.99,85.07,100.68,2.1
2021-03-01T22:00:00,39.99,85.24,100.68,2.37
2021-03-02T22:00:00,39.97,85.22,100.74,2.29
2021-03-03T22:00:00,40.55,85.8,102.0,1.61
2021-03-04T22:00:00,40.97,85.8,102.0,1.09
2021-03-07T22:00:00,41.35,85.22,102.0,0.61
2021-03-08T22:00:00,41.01,85.36,102.0,0.85
2021-03-09T22:00:00,40.79,85.36,102.0,0.97
2021-03-10T22:00:00,40.79,85.44,102.0,0.79
2021-03-11T22:00:00,40.79,86.03,102.0,0.1
2021-03-14T21:00:00,40.79,86.03,102.0,-0.1
2021-03-15T21:00:00,41.1,86.03,102.0,-0.51
2021-03-16T21:00:00,40.72,86.21,102.0,-0.23
2021-03-17T21:00:00,40.72,86.21,102.0,-0.11
2021-03-18T21:00:00,40.65,86.21,102.0,-0.08
2021-03-21T21:00:00,41.04,86.6,102.88,0.41
2021-03-22T21:00:00,40.74,86.7,102.88,0.21
2021-03-23T21:00:00,40.74,86.92,102.88,-0.11
2021-03-24T21:00:00,40.8,86.92,102.88,-0.27
2021-03-25T21:00:00,40.75,86.92,102.88,-0.32
2021-03-28T21:00:00,40.78,86.92,102.88,-0.45
2021-03-29T21:00:00,40.77,86.91,102.96,-0.54
2021-03-30T21:00:00,41.05,86.91,102.96,-0.92
2021-03-31T21:00:00,40.69,87.07,102.96,-0.66
2021-04-01T21:00:00,40.69,87.07,102.96,-0.57
2021-04-04T21:00:00,40.6,87.07,102.96,-0.56
2021-04-05T21:00:00,41.37,87.84,104.6,0.31
2021-04-06T21:00:00,41.55,87.46,104.6,0.59
2021-04-07T21:00:00,41.46,87.35,104.6,0.6
2021-04-08T21:00:00,41.46,87.64,104.6,0.21
2021-04-11T21:00:00,41.46,87.86,104.6,0.53
2021-04-12T21:00:00,41.46,87.86,104.6,0.64
2021-04-13T21:00:00,41.51,87.86,104.6,0.79
2021-04-14T21:00:00,41.51,87.63,104.6,0.92
2021-04-15T21:00:00,41.51,87.63,104.6,0.82
2021-04-18T21:00:00,42.16,88.28,106.0,1.57
2021-04-19T21:00:00,42.66,87.58,106.0,2.17
2021-04-20T21:00:00,41.65,88.39,106.0,1.26
2021-04-21T21:00:00,41.65,88.23,106.0,1.2
2021-04-22T21:00:00,41.65,88.56,106.0,1.63
2021-04-25T21:00:00,41.65,89.19,106.0,0.9
2021-04-26T21:00:00,41.65,89.16,106.0,0.97
2021-04-27T21:00:00,41.65,89.47,106.0,0.56
2021-04-28T21:00:00,41.88,89.7,106.56,0.23
2021-04-29T21:00:00,42.63,89.7,106.56,-0.62
2021-05-02T21:00:00,42.4,89.73,106.56,-0.49
2021-05-03T21:00:00,42.47,89.8,106.8,-0.66
2021-05-04T21:00:00,42.78,90.11,107.52,-1.07
2021-05-05T21:00:00,43.15,90.11,107.52,-1.54
2021-05-06T21:00:00,43.15,90.74,107.52,-0.81
2021-05-09T21:00:00,43.15,91.11,107.52,-1.28
2021-05-10T21:00:00,43.15,91.11,107.52,-1.13
2021-05-11T21:00:00,43.15,91.11,107.52,-1.47
2021-05-12T21:00:00,43.15,91.11,107.52,-1.15
2021-05-13T21:00:00,43.15,91.11,107.52,-1.1
2021-05-16T21:00:00,43.15,91.36,107.52,-1.45
2021-05-17T21:00:00,43.15,91.88,107.52,-0.83
2021-05-18T21:00:00,43.2,91.63,107.52,-0.68
2021-05-19T21:00:00,43.2,91.59,107.52,-0.74
2021-05-20T21:00:00,43.2,91.84,107.52,-1.09
2021-05-23T21:00:00,43.2,91.85,107.52,-0.98
2021-05-24T21:00:00,43.2,92.19,107.52,-0.54
2021-05-25T21:00:00,43.2,92.19,107.52,-0.59
2021-05-26T21:00:00,43.2,92.19,107.52,-1.04
2021-05-27T21:00:00,43.03,92.16,107.52,-0.97
2021-05-30T21:00:00,43.03,92.16,107.52,-0.82
2021-05-31T21:00:00,43.03,92.1,107.52,-0.86
2021-06-01T21:00:00,43.26,92.33,108.08,-1.19
2021-06-02T21:00:00,43.22,92.33,108.08,-1.25
2021-06-03T21:00:00,43.22,92.36,108.08,-1.12
2021-06-06T21:00:00,43.22,92.36,108.08,-0.86
2021-06-07T21:00:00,43.22,92.36,108.08,-0.74
2021-06-08T21:00:00,43.17,92.21,108.08,-0.69
2021-06-09T21:00:00,43.17,92.21,108.08,-0.86
2021-06-10T21:00:00,43.17,92.1,108.08,-0.87
2021-06-13T21:00:00,43.17,92.1,108.08,-0.9
2021-06-14T21:00:00,43.17,92.1,108.08,-0.49
2021-06-15T21:00:00,43.17,92.34,108.08,-0.83
2021-06-16T21:00:00,43.17,92.12,108.08,-0.95
2021-06-17T21:00:00,43.17,92.5,108.08,-0.47
2021-06-20T21:00:00,43.17,92.5,108.08,-0.8
2021-06-21T21:00:00,43.17,92.66,108.08,-1.06
2021-06-22T21:00:00,43.17,92.66,108.08,-1.26
2021-06-23T21:00:00,43.17,92.73,108.08,-1.09
2021-06-24T21:00:00,43.27,92.73,108.08,-1.29
2021-06-27T21:00:00,43.27,92.86,108.08,-1.06
2021-06-28T21:00:00,43.45,92.86,108.08,-0.78
2021-06-29T21:00:00,43.45,93.13,108.08,-1.15
2021-06-30T21:00:00,43.13,93.13,108.08,-0.93
2021-07-01T21:00:00,43.88,93.88,109.68,-1.78
2021-07-04T21:00:00,43.62,93.94,109.68,-1.62
2021-07-05T21:00:00,43.62,93.94,109.68,-1.01
2021-07-06T21:00:00,43.62,93.94,109.68,-1.14
2021-07-07T21:00:00,44.42,93.94,109.68,-0.24
2021-07-08T21:00:00,43.91,94.25,109.68,-0.65
2021-07-11T21:00:00,43.91,94.25,109.68,-0.8
2021-07-12T21:00:00,44.03,94.25,109.68,-1.02
2021-07-13T21:00:00,44.03,94.62,109.68,-0.55
2021-07-14T21:00:00,44.03,94.97,109.68,-0.1
2021-07-15T21:00:00,44.06,94.97,109.68,0.03
2021-07-18T21:00:00,44.98,95.89,111.62,1.05
2021-07-19T21:00:00,44.19,96.48,111.62,0.36
2021-07-20T21:00:00,44.93,97.22,113.2,-0.48
2021-07-21T21:00:00,44.97,97.22,113.2,-0.62
2021-07-22T21:00:00,44.85,97.14,113.2,-0.6
2021-07-25T21:00:00,44.65,97.14,113.2,-0.5
2021-07-26T21:00:00,45.05,97.54,114.1,0.0
2021-07-27T21:00:00,45.05,97.86,114.1,-0.42
2021-07-28T21:00:00,45.05,97.86,114.1,-0.69
2021-07-29T21:00:00,45.05,97.82,114.1,-0.63
2021-08-01T21:00:00,45.05,97.82,114.1,-0.39
2021-08-02T21:00:00,45.05,97.82,114.1,-0.19
2021-08-03T21:00:00,45.05,97.82,114.1,-0.39
2021-08-04T21:00:00,45.05,97.82,114.1,-0.72
2021-08-05T21:00:00,45.08,97.82,114.1,-0.85
2021-08-08T21:00:00,44.98,97.82,114.1,-0.85
2021-08-09T21:00:00,45.49,98.33,115.22,-1.46
2021-08-10T21:00:00,45.35,98.27,115.22,-1.42
2021-08-11T21:00:00,45.35,98.26,115.22,-1.33
2021-08-12T21:00:00,45.7,98.26,115.22,-0.88
2021-08-15T21:00:00,45.86,97.9,115.22,-0.62
2021-08-16T21:00:00,45.62,97.9,115.22,-0.76
2021-08-17T21:00:00,45.78,98.06,115.64,-0.5
2021-08-18T21:00:00,46.73,99.01,117.64,0.55
2021-08-19T21:00:00,46.77,98.77,117.64,0.69
2021-08-22T21:00:00,46.77,99.6,117.64,-0.24
2021-08-23T21:00:00,46.77,99.16,117.64,-0.58
2021-08-24T21:00:00,46.6,99.13,117.64,-0.51
2021-08-25T21:00:00,45.92,99.61,117.64,0.07
2021-08-26T21:00:00,45.7,99.63,117.64,-0.05
2021-08-29T21:00:00,45.45,99.63,117.64,-0.2
2021-08-30T21:00:00,45.53,99.63,117.64,-0.02
2021-08-31T21:00:00,45.73,99.63,117.64,0.28
2021-09-01T21:00:00,45.73,99.8,117.64,0.01
2021-09-02T21:00:00,45.81,99.8,117.64,-0.17
2021-09-05T21:00:00,45.78,99.63,117.64,-0.24
2021-09-06T21:00:00,45.78,100.17,117.64,0.4
2021-09-07T21:00:00,45.78,99.91,117.64,0.56
2021-09-08T21:00:00,45.78,99.95,117.64,0.42
2021-09-09T21:00:00,45.78,99.97,117.64,0.54
2021-09-12T21:00:00,45.78,99.97,117.64,0.22
2021-09-13T21:00:00,45.37,100.18,117.64,0.53
2021-09-14T21:00:00,45.67,100.48,118.34,0.13
2021-09-15T21:00:00,45.54,100.41,118.34,0.16
2021-09-16T21:00:00,45.54,100.61,118.34,0.46
2021-09-19T21:00:00,45.54,101.0,118.34,0.95
2021-09-20T21:00:00,45.54,100.91,118.34,0.94
2021-09-21T21:00:00,46.17,101.54,119.7,0.21
2021-09-22T21:00:00,46.58,101.54,119.7,-0.3
2021-09-23T21:00:00,46.69,101.23,119.7,-0.51
2021-09-26T21:00:00,47.03,101.23,119.7,-0.95
2021-09-27T21:00:00,46.62,101.44,119.7,-0.64
2021-09-28T21:00:00,46.75,101.57,120.06,-0.87
2021-09-29T21:00:00,47.4,102.22,121.46,-1.62
2021-09-30T21:00:00,47.46,101.96,121.46,-1.78
2021-10-03T21:00:00,47.61,101.96,121.46,-2.03
2021-10-04T21:00:00,47.76,101.96,121.46,-2.28
2021-10-05T21:00:00,47.96,101.96,121.46,-2.58
2021-10-06T21:00:00,48.2,101.96,121.46,-2.92
2021-10-07T21:00:00,48.56,101.96,121.46,-3.38
2021-10-10T21:00:00,48.59,101.96,121.46,-3.51
2021-10-11T21:00:00,48.81,101.96,121.46,-3.83
2021-10-12T21:00:00,48.32,102.25,121.46,-3.44
2021-10-13T21:00:00,48.78,102.71,122.48,-4.0
2021-10-14T21:00:00,48.72,102.57,122.48,-4.04
2021-10-17T21:00:00,48.4,102.69,122.48,-3.82
2021-10-18T21:00:00,48.4,102.69,122.48,-3.74
2021-10-19T21:00:00,48.4,102.8,122.48,-3.95
2021-10-20T21:00:00,48.4,102.89,122.48,-3.76
2021-10-21T21:00:00,48.4,102.89,122.48,-3.62
2021-10-24T21:00:00,48.4,102.89,122.48,-3.77
2021-10-25T21:00:00,48.4,102.89,122.48,-3.81
2021-10-26T21:00:00,48.4,102.89,122.48,-3.95
2021-10-27T21:00:00,48.4,103.4,122.48,-3.34
2021-10-28T21:00:00,48.4,104.0,122.48,-4.04
2021-10-31T21:00:00,48.4,104.18,122.48,-3.76
2021-11-01T21:00:00,48.47,104.18,122.48,-3.59
2021-11-02T21:00:00,48.44,104.18,122.48,-3.52
2021-11-03T21:00:00,48.37,104.18,122.48,-3.49
2021-11-04T21:00:00,48.38,104.18,122.48,-3.38
2021-11-07T22:00:00,48.47,104.27,122.76,-3.19
2021-11-08T22:00:00,48.39,104.27,122.76,-3.17
2021-11-09T22:00:00,48.39,104.27,122.76,-3.76
2021-11-10T22:00:00,48.39,104.58,122.76,-3.35
2021-11-11T22:00:00,48.39,104.75,122.76,-3.62
2021-11-14T22:00:00,49.25,105.61,124.58,-4.58
2021-11-15T22:00:00,49.24,105.42,124.58,-4.67
2021-11-16T22:00:00,49.24,105.72,124.58,-4.27
2021-11-17T22:00:00,49.24,105.72,124.58,-3.89
2021-11-18T22:00:00,49.24,106.12,124.58,-4.39
2021-11-21T22:00:00,49.24,106.12,124.58,-4.42
2021-11-22T22:00:00,49.27,106.12,124.58,-4.55
2021-11-23T22:00:00,49.6,106.45,125.34,-4.98
2021-11-24T22:00:00,49.6,106.27,125.34,-5.06
2021-11-25T22:00:00,51.61,108.28,129.46,-2.95
2021-11-28T22:00:00,51.33,108.36,129.46,-3.13
2021-11-29T22:00:00,51.93,108.96,130.76,-2.43
2021-11-30T22:00:00,51.93,108.76,130.76,-2.33
2021-12-01T22:00:00,51.55,108.76,130.76,-2.61
2021-12-02T22:00:00,51.55,109.04,130.76,-2.23
2021-12-05T22:00:00,52.17,109.66,132.1,-2.95
2021-12-06T22:00:00,53.12,110.61,134.1,-4.0
2021-12-07T22:00:00,52.27,111.26,134.1,-3.25
2021-12-08T22:00:00,52.13,111.26,134.1,-3.21
2021-12-09T22:00:00,52.38,111.26,134.1,-2.86
2021-12-12T22:00:00,52.66,110.78,134.1,-2.48
2021-12-13T22:00:00,52.76,110.48,134.1,-2.28
2021-12-14T22:00:00,52.75,110.48,134.1,-2.19
2021-12-15T22:00:00,52.54,110.49,134.1,-2.3
2021-12-16T22:00:00,52.54,110.49,134.1,-2.26
2021-12-19T22:00:00,53.19,111.14,135.5,-1.51
2021-12-20T22:00:00,52.87,111.26,135.5,-1.73
2021-12-21T22:00:00,52.58,111.35,135.5,-1.92
2021-12-22T22:00:00,52.73,111.35,135.5,-2.17
2021-12-23T22:00:00,52.69,111.19,135.5,-2.23
2021-12-26T22:00:00,52.64,111.04,135.5,-2.28
2021-12-27T22:00:00,52.51,111.04,135.5,-2.25
2021-12-28T22:00:00,52.3,111.04,135.5,-2.14
2021-12-29T22:00:00,52.81,111.55,136.62,-2.75
2021-12-30T22:00:00,53.05,111.55,136.62,-3.09
2022-01-02T22:00:00,52.78,111.55,136.62,-2.92
2022-01-03T22:00:00,53.14,111.91,137.44,-3.38
2022-01-04T22:00:00,53.14,112.37,137.44,-2.82
2022-01-05T22:00:00,53.14,112.68,137.44,-3.23
2022-01-06T22:00:00,53.14,112.47,137.44,-3.34
2022-01-09T22:00:00,53.14,112.47,137.44,-3.4
2022-01-10T22:00:00,53.14,112.47,137.44,-3.83
2022-01-11T22:00:00,53.14,112.43,137.44,-3.77
2022-01-12T22:00:00,53.14,112.56,137.44,-3.54
2022-01-13T22:00:00,53.14,112.51,137.44,-3.59
2022-01-16T22:00:00,53.28,112.65,137.82,-3.83
2022-01-17T22:00:00,53.94,113.31,139.24,-4.59
2022-01-18T22:00:00,53.68,113.37,139.24,-4.43
2022-01-19T22:00:00,53.94,113.63,139.86,-4.79
2022-01-20T22:00:00,53.94,114.44,139.86,-3.88
2022-01-23T22:00:00,54.08,114.1,139.86,-3.64
2022-01-24T22:00:00,53.72,114.26,139.86,-3.9
2022-01-25T22:00:00,53.72,114.41,139.86,-4.15
2022-01-26T22:00:00,53.9,114.41,139.86,-4.43
2022-01-27T22:00:00,53.49,114.62,139.86,-4.12
2022-01-30T22:00:00,53.68,114.62,139.86,-3.83
2022-01-31T22:00:00,53.74,114.62,139.86,-3.67
2022-02-01T22:00:00,53.78,114.62,139.86,-3.53
2022-02-02T22:00:00,54.91,115.75,142.22,-2.3
2022-02-03T22:00:00,55.63,115.75,142.22,-1.48
2022-02-06T22:00:00,54.71,116.47,142.22,-2.3
2022-02-07T22:00:00,54.65,116.41,142.2,-2.26
2022-02-08T22:00:00,54.77,116.41,142.2,-2.48
2022-02-09T22:00:00,54.77,116.72,142.2,-2.07
2022-02-10T22:00:00,54.77,117.22,142.2,-2.67
2022-02-13T22:00:00,54.77,117.22,142.2,-3.04
2022-02-14T22:00:00,54.31,117.48,142.2,-2.68
2022-02-15T22:00:00,54.31,117.48,142.2,-2.75
2022-02-16T22:00:00,54.31,117.48,142.2,-2.73
2022-02-17T22:00:00,54.31,117.48,142.2,-2.72
2022-02-20T22:00:00,54.31,117.48,142.2,-2.77
2022-02-21T22:00:00,54.31,117.48,142.2,-2.53
2022-02-22T22:00:00,54.31,117.84,142.2,-2.99
2022-02-23T22:00:00,54.58,117.37,142.2,-3.36
2022-02-24T22:00:00,54.69,117.37,142.2,-3.57
2022-02-27T22:00:00,54.61,117.37,142.2,-3.59
2022-02-28T22:00:00,54.8,117.37,142.2,-3.88
2022-03-01T22:00:00,55.59,117.37,142.2,-4.77
2022-03-02T22:00:00,55.59,117.37,142.2,-4.87
2022-03-03T22:00:00,55.59,117.37,142.2,-5.62
2022-03-06T22:00:00,55.59,117.37,142.2,-5.58
2022-03-07T22:00:00,55.59,118.18,142.2,-4.67
2022-03-08T22:00:00,56.44,118.18,142.2,-3.72
2022-03-09T22:00:00,56.44,119.15,142.2,-4.79
2022-03-10T22:00:00,56.44,118.27,142.2,-5.57
2022-03-13T21:00:00,56.44,119.07,142.2,-4.67
2022-03-14T21:00:00,56.44,119.35,142.2,-5.05
2022-03-15T21:00:00,56.44,119.35,142.2,-5.04
2022-03-16T21:00:00,56.44,119.35,142.2,-4.95
2022-03-17T21:00:00,56.92,119.83,143.26,-5.53
2022-03-20T21:00:00,57.32,119.83,143.26,-6.03
2022-03-21T21:00:00,57.28,119.67,143.26,-6.09
2022-03-22T21:00:00,57.45,119.84,143.7,-6.36
2022-03-23T21:00:00,57.72,120.11,144.34,-6.73
2022-03-24T21:00:00,58.18,120.57,145.36,-7.29
2022-03-27T21:00:00,58.18,120.75,145.36,-7.01
2022-03-28T21:00:00,58.18,121.47,145.36,-6.19
2022-03-29T21:00:00,58.6,121.47,145.36,-5.67
2022-03-30T21:00:00,57.89,121.98,145.36,-6.28
2022-03-31T21:00:00,57.89,121.98,145.36,-6.38
2022-04-03T21:00:00,58.65,122.74,146.98,-7.24
2022-04-04T21:00:00,59.15,122.04,146.98,-7.84
2022-04-05T21:00:00,58.68,122.31,146.98,-7.47
2022-04-06T21:00:00,58.68,122.31,146.98,-7.19
2022-04-07T21:00:00,58.39,122.4,146.98,-7.38
2022-04-10T21:00:00,58.52,122.4,146.98,-7.15
2022-04-11T21:00:00,58.52,122.74,146.98,-7.59
2022-04-12T21:00:00,58.45,122.74,146.98,-7.62
2022-04-13T21:00:00,58.57,122.74,146.98,-7.84
2022-04-14T21:00:00,58.46,122.74,146.98,-7.83
2022-04-17T21:00:00,58.46,122.74,146.98,-8.09
2022-04-18T21:00:00,58.46,122.74,146.98,-7.95
2022-04-19T21:00:00,58.46,123.02,146.98,-8.33
2022-04-20T21:00:00,58.46,123.38,146.98,-7.87
2022-04-21T21:00:00,59.0,123.92,148.16,-7.23
2022-04-24T21:00:00,59.0,124.59,148.16,-8.0
2022-04-25T21:00:00,59.0,124.48,148.16,-8.01
2022-04-26T21:00:00,59.68,124.48,148.16,-8.79
2022-04-27T21:00:00,60.31,124.48,148.16,-9.52
2022-04-28T21:00:00,59.36,125.23,148.16,-8.67
2022-05-01T21:00:00,59.41,125.28,148.36,-8.82
2022-05-02T21:00:00,59.41,125.33,148.36,-8.97
2022-05-03T21:00:00,59.41,125.33,148.36,-8.89
2022-05-04T21:00:00,59.41,125.33,148.36,-8.96
2022-05-05T21:00:00,59.96,125.88,149.56,-8.31
2022-05-08T21:00:00,60.87,126.79,151.48,-7.3
2022-05-09T21:00:00,60.6,126.86,151.48,-7.47
2022-05-10T21:00:00,60.11,127.15,151.48,-7.86
2022-05-11T21:00:00,60.9,127.15,151.48,-8.75
2022-05-12T21:00:00,61.56,127.15,151.48,-9.51
2022-05-15T21:00:00,61.76,126.75,151.48,-9.81
2022-05-16T21:00:00,60.83,127.48,151.48,-8.98
2022-05-17T21:00:00,60.54,127.57,151.48,-9.17
2022-05-18T21:00:00,61.07,127.57,151.48,-8.54
2022-05-19T21:00:00,60.79,127.65,151.48,-8.72
