date,CAD
2011-07-06T21:00:00,0.44
2011-07-07T21:00:00,-0.52
2011-07-08T21:00:00,0.0
2011-07-09T21:00:00,0.21
2011-07-10T21:00:00,-0.37
2011-07-11T21:00:00,0.22
2011-07-12T21:00:00,-0.11
2011-07-13T21:00:00,-0.26
2011-07-14T21:00:00,0.72
2011-07-15T21:00:00,0.0
2011-07-16T21:00:00,-0.13
2011-07-17T21:00:00,-0.34
2011-07-18T21:00:00,0.68
2011-07-19T21:00:00,0.05
2011-07-20T21:00:00,-0.17
2011-07-21T21:00:00,-0.35
2011-07-22T21:00:00,0.0
2011-07-23T21:00:00,-0.22
2011-07-24T21:00:00,0.13
2011-07-25T21:00:00,-0.24
2011-07-26T21:00:00,-0.4
2011-07-27T21:00:00,-0.02
2011-07-28T21:00:00,-1.02
2011-07-29T21:00:00,0.0
2011-07-30T21:00:00,0.22
2011-07-31T21:00:00,-0.15
2011-08-01T21:00:00,-0.31
2011-08-02T21:00:00,-0.09
2011-08-03T21:00:00,-0.63
2011-08-04T21:00:00,-0.38
2011-08-05T21:00:00,0.01
2011-08-06T21:00:00,-0.32
2011-08-07T21:00:00,-0.4
2011-08-08T21:00:00,0.4
2011-08-09T21:00:00,-0.71
2011-08-10T21:00:00,0.81
2011-08-11T21:00:00,-0.08
2011-08-12T21:00:00,0.0
2011-08-13T21:00:00,0.02
2011-08-14T21:00:00,0.36
2011-08-15T21:00:00,-0.18
2011-08-16T21:00:00,-0.1
2011-08-17T21:00:00,-0.29
2011-08-18T21:00:00,-0.12
2011-08-19T21:00:00,0.0
2011-08-20T21:00:00,0.07
2011-08-21T21:00:00,-0.06
2011-08-22T21:00:00,-0.1
2011-08-23T21:00:00,0.36
2011-08-24T21:00:00,0.09
2011-08-25T21:00:00,0.21
2011-08-26T21:00:00,0.0
2011-08-27T21:00:00,0.13
2011-08-28T21:00:00,0.24
2011-08-29T21:00:00,-0.03
2011-08-30T21:00:00,-0.15
2011-08-31T21:00:00,0.12
2011-09-01T21:00:00,-0.73
2011-09-02T21:00:00,0.0
2011-09-03T21:00:00,0.03
2011-09-04T21:00:00,-0.09
2011-09-05T21:00:00,1.45
2011-09-06T21:00:00,0.14
2011-09-07T21:00:00,0.01
2011-09-08T21:00:00,-0.02
2011-09-09T21:00:00,0.0
2011-09-10T21:00:00,0.08
2011-09-11T21:00:00,0.34
2011-09-12T21:00:00,0.75
2011-09-13T21:00:00,-0.42
2011-09-14T21:00:00,0.26
2011-09-15T21:00:00,0.56
2011-09-16T21:00:00,0.0
2011-09-17T21:00:00,0.05
2011-09-18T21:00:00,-0.68
2011-09-19T21:00:00,-0.22
2011-09-20T21:00:00,-0.23
2011-09-21T21:00:00,-0.89
2011-09-22T21:00:00,-0.07
2011-09-23T21:00:00,0.0
2011-09-24T21:00:00,-0.14
2011-09-25T21:00:00,0.07
2011-09-26T21:00:00,0.16
2011-09-27T21:00:00,-0.78
2011-09-28T21:00:00,-0.21
2011-09-29T21:00:00,-0.58
2011-09-30T21:00:00,0.0
2011-10-01T21:00:00,0.21
2011-10-02T21:00:00,0.12
2011-10-03T21:00:00,-0.15
2011-10-04T21:00:00,0.85
2011-10-05T21:00:00,-0.03
2011-10-06T21:00:00,-0.18
2011-10-07T21:00:00,0.0
2011-10-08T21:00:00,0.11
2011-10-09T21:00:00,-0.0
2011-10-10T21:00:00,-0.08
2011-10-11T21:00:00,0.36
2011-10-12T21:00:00,-0.36
2011-10-13T21:00:00,0.49
2011-10-14T21:00:00,0.0
2011-10-15T21:00:00,-0.09
2011-10-16T21:00:00,-0.52
2011-10-17T21:00:00,0.61
2011-10-18T21:00:00,-0.47
2011-10-19T21:00:00,0.37
2011-10-20T21:00:00,0.12
2011-10-21T21:00:00,0.0
2011-10-22T21:00:00,-0.14
2011-10-23T21:00:00,0.08
2011-10-24T21:00:00,-0.99
2011-10-25T21:00:00,1.21
2011-10-26T21:00:00,-0.17
2011-10-27T21:00:00,0.01
2011-10-28T21:00:00,0.0
2011-10-29T21:00:00,0.01
2011-10-30T21:00:00,0.33
2011-10-31T21:00:00,-0.91
2011-11-01T21:00:00,0.52
2011-11-02T21:00:00,0.22
2011-11-03T21:00:00,-0.86
2011-11-05T21:00:00,0.03
2011-11-06T22:00:00,0.6
2011-11-07T22:00:00,0.12
2011-11-08T22:00:00,-0.25
2011-11-09T22:00:00,0.62
2011-11-10T22:00:00,-0.06
2011-11-11T22:00:00,0.0
2011-11-12T22:00:00,-0.03
2011-11-13T22:00:00,-0.04
2011-11-14T22:00:00,-0.01
2011-11-15T22:00:00,0.07
2011-11-16T22:00:00,-0.21
2011-11-17T22:00:00,0.02
2011-11-19T22:00:00,0.05
2011-11-20T22:00:00,-0.67
2011-11-21T22:00:00,0.11
2011-11-22T22:00:00,-0.28
2011-11-23T22:00:00,0.03
2011-11-24T22:00:00,0.38
2011-11-25T22:00:00,0.01
2011-11-26T22:00:00,-0.06
2011-11-27T22:00:00,0.58
2011-11-28T22:00:00,-0.12
2011-11-29T22:00:00,0.31
2011-11-30T22:00:00,0.41
2011-12-01T22:00:00,-0.19
2011-12-02T22:00:00,0.0
2011-12-03T22:00:00,0.06
2011-12-04T22:00:00,-0.0
2011-12-05T22:00:00,0.7
2011-12-06T22:00:00,-0.16
2011-12-07T22:00:00,-0.72
2011-12-08T22:00:00,0.33
2011-12-10T22:00:00,-0.08
2011-12-11T22:00:00,-0.03
2011-12-12T22:00:00,-0.17
2011-12-13T22:00:00,-0.1
2011-12-14T22:00:00,0.11
2011-12-15T22:00:00,-0.54
2011-12-17T22:00:00,0.14
2011-12-18T22:00:00,0.16
2011-12-19T22:00:00,0.11
2011-12-20T22:00:00,0.28
2011-12-21T22:00:00,0.47
2011-12-22T22:00:00,0.01
2011-12-25T22:00:00,-0.1
2011-12-26T22:00:00,0.15
2011-12-27T22:00:00,-0.04
2011-12-28T22:00:00,0.27
2011-12-29T22:00:00,-0.55
2011-12-31T22:00:00,-0.01
2012-01-01T22:00:00,0.18
2012-01-02T22:00:00,0.08
2012-01-03T22:00:00,0.06
2012-01-04T22:00:00,-0.04
2012-01-05T22:00:00,-0.6
2012-01-06T22:00:00,0.0
2012-01-07T22:00:00,0.15
2012-01-08T22:00:00,0.07
2012-01-09T22:00:00,0.46
2012-01-10T22:00:00,-0.16
2012-01-11T22:00:00,-0.15
2012-01-12T22:00:00,-0.13
2012-01-14T22:00:00,-0.04
2012-01-15T22:00:00,0.44
2012-01-16T22:00:00,-0.06
2012-01-17T22:00:00,-0.1
2012-01-18T22:00:00,-0.13
2012-01-19T22:00:00,-0.33
2012-01-20T22:00:00,0.0
2012-01-21T22:00:00,-0.05
2012-01-22T22:00:00,0.18
2012-01-23T22:00:00,0.0
2012-01-24T22:00:00,0.08
2012-01-25T22:00:00,0.03
2012-01-26T22:00:00,-0.4
2012-01-28T22:00:00,0.06
2012-01-29T22:00:00,0.23
2012-01-30T22:00:00,-0.17
2012-01-31T22:00:00,-0.02
2012-02-01T22:00:00,-0.06
2012-02-02T22:00:00,0.45
2012-02-04T22:00:00,-0.0
2012-02-05T22:00:00,-0.1
2012-02-06T22:00:00,-0.18
2012-02-07T22:00:00,-0.02
2012-02-08T22:00:00,0.23
2012-02-09T22:00:00,-0.17
2012-02-10T22:00:00,0.0
2012-02-11T22:00:00,-0.07
2012-02-12T22:00:00,0.04
2012-02-13T22:00:00,0.39
2012-02-14T22:00:00,0.03
2012-02-15T22:00:00,0.11
2012-02-16T22:00:00,0.04
2012-02-17T22:00:00,0.0
2012-02-18T22:00:00,0.22
2012-02-19T22:00:00,-0.14
2012-02-20T22:00:00,-0.03
2012-02-21T22:00:00,-0.08
2012-02-22T22:00:00,-0.25
2012-02-23T22:00:00,-0.18
2012-02-24T22:00:00,0.0
2012-02-25T22:00:00,0.03
2012-02-26T22:00:00,-0.06
2012-02-27T22:00:00,0.16
2012-02-28T22:00:00,0.86
2012-02-29T22:00:00,0.25
2012-03-01T22:00:00,0.21
2012-03-02T22:00:00,0.0
2012-03-03T22:00:00,-0.05
2012-03-04T22:00:00,-0.32
2012-03-05T22:00:00,-0.23
2012-03-06T22:00:00,0.23
2012-03-07T22:00:00,0.25
2012-03-08T22:00:00,0.53
2012-03-10T22:00:00,0.03
2012-03-11T21:00:00,-0.11
2012-03-12T21:00:00,0.42
2012-03-13T21:00:00,0.21
2012-03-14T21:00:00,-0.32
2012-03-15T21:00:00,-0.41
2012-03-16T21:00:00,0.0
2012-03-17T21:00:00,0.03
2012-03-18T21:00:00,0.21
2012-03-19T21:00:00,-0.04
2012-03-20T21:00:00,-0.06
2012-03-21T21:00:00,-0.51
2012-03-22T21:00:00,-0.25
2012-03-23T21:00:00,0.0
2012-03-24T21:00:00,0.0
2012-03-25T21:00:00,0.39
2012-03-26T21:00:00,-0.17
2012-03-27T21:00:00,-0.19
2012-03-28T21:00:00,0.11
2012-03-29T21:00:00,-0.22
2012-03-30T21:00:00,0.0
2012-03-31T21:00:00,0.01
2012-04-01T21:00:00,0.48
2012-04-02T21:00:00,0.39
2012-04-03T21:00:00,-0.22
2012-04-04T21:00:00,0.38
2012-04-05T21:00:00,-0.56
2012-04-07T21:00:00,-0.06
2012-04-08T21:00:00,-0.06
2012-04-09T21:00:00,-0.52
2012-04-10T21:00:00,-0.1
2012-04-11T21:00:00,0.42
2012-04-12T21:00:00,-0.16
2012-04-13T21:00:00,-0.01
2012-04-14T21:00:00,-0.0
2012-04-15T21:00:00,-0.15
2012-04-16T21:00:00,0.84
2012-04-17T21:00:00,0.04
2012-04-18T21:00:00,-0.33
2012-04-19T21:00:00,-0.02
2012-04-21T21:00:00,0.09
2012-04-22T21:00:00,0.17
2012-04-23T21:00:00,0.32
2012-04-24T21:00:00,0.24
2012-04-25T21:00:00,-0.23
2012-04-26T21:00:00,-0.04
2012-04-27T21:00:00,-0.01
2012-04-28T21:00:00,0.01
2012-04-29T21:00:00,-0.53
2012-04-30T21:00:00,0.33
2012-05-01T21:00:00,0.12
2012-05-02T21:00:00,0.07
2012-05-03T21:00:00,-0.46
2012-05-05T21:00:00,0.14
2012-05-06T21:00:00,0.09
2012-05-07T21:00:00,-0.25
2012-05-08T21:00:00,-0.08
2012-05-09T21:00:00,-0.0
2012-05-10T21:00:00,0.33
2012-05-11T21:00:00,0.0
2012-05-12T21:00:00,0.12
2012-05-13T21:00:00,-0.04
2012-05-14T21:00:00,0.08
2012-05-15T21:00:00,-0.21
2012-05-16T21:00:00,-0.62
2012-05-17T21:00:00,-0.25
2012-05-18T21:00:00,0.0
2012-05-19T21:00:00,-0.05
2012-05-20T21:00:00,0.12
2012-05-21T21:00:00,0.36
2012-05-22T21:00:00,-0.11
2012-05-23T21:00:00,-0.09
2012-05-24T21:00:00,-0.15
2012-05-25T21:00:00,0.0
2012-05-26T21:00:00,0.01
2012-05-27T21:00:00,0.19
2012-05-28T21:00:00,0.24
2012-05-29T21:00:00,-0.07
2012-05-30T21:00:00,-0.32
2012-05-31T21:00:00,-0.78
2012-06-02T21:00:00,0.12
2012-06-03T21:00:00,-0.25
2012-06-04T21:00:00,0.21
2012-06-05T21:00:00,0.22
2012-06-06T21:00:00,0.14
2012-06-07T21:00:00,0.15
2012-06-09T21:00:00,0.07
2012-06-10T21:00:00,-0.25
2012-06-11T21:00:00,0.14
2012-06-12T21:00:00,-0.29
2012-06-13T21:00:00,0.23
2012-06-14T21:00:00,-0.28
2012-06-16T21:00:00,-0.11
2012-06-17T21:00:00,-0.04
2012-06-18T21:00:00,0.17
2012-06-19T21:00:00,0.04
2012-06-20T21:00:00,-0.2
2012-06-21T21:00:00,0.32
2012-06-22T21:00:00,0.0
2012-06-23T21:00:00,-0.14
2012-06-24T21:00:00,-0.1
2012-06-25T21:00:00,0.29
2012-06-26T21:00:00,-0.02
2012-06-27T21:00:00,-0.57
2012-06-28T21:00:00,0.56
2012-06-30T21:00:00,0.06
2012-07-01T21:00:00,0.04
2012-07-02T21:00:00,0.37
2012-07-03T21:00:00,0.14
2012-07-04T21:00:00,0.15
2012-07-05T21:00:00,-0.11
2012-07-06T21:00:00,0.0
2012-07-07T21:00:00,-0.21
2012-07-08T21:00:00,-0.01
2012-07-09T21:00:00,-0.16
2012-07-10T21:00:00,0.18
2012-07-11T21:00:00,0.35
2012-07-12T21:00:00,0.08
2012-07-13T21:00:00,0.0
2012-07-14T21:00:00,-0.05
2012-07-15T21:00:00,-0.22
2012-07-16T21:00:00,0.17
2012-07-17T21:00:00,0.02
2012-07-18T21:00:00,0.06
2012-07-19T21:00:00,-0.11
2012-07-21T21:00:00,-0.01
2012-07-22T21:00:00,-0.09
2012-07-23T21:00:00,-0.13
2012-07-24T21:00:00,0.23
2012-07-25T21:00:00,-0.13
2012-07-26T21:00:00,0.36
2012-07-28T21:00:00,-0.08
2012-07-29T21:00:00,0.27
2012-07-30T21:00:00,-0.2
2012-07-31T21:00:00,0.11
2012-08-01T21:00:00,-0.14
2012-08-02T21:00:00,-0.11
2012-08-03T21:00:00,0.0
2012-08-04T21:00:00,-0.01
2012-08-05T21:00:00,0.07
2012-08-06T21:00:00,0.4
2012-08-07T21:00:00,0.28
2012-08-08T21:00:00,0.44
2012-08-09T21:00:00,-0.06
2012-08-11T21:00:00,-0.01
2012-08-12T21:00:00,-0.07
2012-08-13T21:00:00,0.18
2012-08-14T21:00:00,0.33
2012-08-15T21:00:00,0.11
2012-08-16T21:00:00,-0.01
2012-08-17T21:00:00,0.0
2012-08-18T21:00:00,-0.02
2012-08-19T21:00:00,0.01
2012-08-20T21:00:00,-0.44
2012-08-21T21:00:00,-0.52
2012-08-22T21:00:00,-0.2
2012-08-23T21:00:00,0.38
2012-08-25T21:00:00,-0.06
2012-08-26T21:00:00,0.3
2012-08-27T21:00:00,0.12
2012-08-28T21:00:00,0.05
2012-08-29T21:00:00,-0.14
2012-08-30T21:00:00,0.23
2012-09-01T21:00:00,-0.08
2012-09-02T21:00:00,0.17
2012-09-03T21:00:00,0.14
2012-09-04T21:00:00,-0.44
2012-09-05T21:00:00,0.5
2012-09-06T21:00:00,-0.31
2012-09-08T21:00:00,0.13
2012-09-09T21:00:00,0.16
2012-09-10T21:00:00,-0.11
2012-09-11T21:00:00,-0.42
2012-09-12T21:00:00,0.31
2012-09-13T21:00:00,-0.46
2012-09-15T21:00:00,0.14
2012-09-16T21:00:00,-0.22
2012-09-17T21:00:00,0.14
2012-09-18T21:00:00,-0.11
2012-09-19T21:00:00,-0.09
2012-09-20T21:00:00,-0.0
2012-09-21T21:00:00,0.0
2012-09-22T21:00:00,0.0
2012-09-23T21:00:00,-0.05
2012-09-24T21:00:00,-0.07
2012-09-25T21:00:00,-0.39
2012-09-26T21:00:00,0.14
2012-09-27T21:00:00,-0.04
2012-09-29T21:00:00,0.0
2012-09-30T21:00:00,0.15
2012-10-01T21:00:00,-0.09
2012-10-02T21:00:00,-0.05
2012-10-03T21:00:00,0.33
2012-10-04T21:00:00,0.3
2012-10-06T21:00:00,0.11
2012-10-07T21:00:00,0.11
2012-10-08T21:00:00,0.03
2012-10-09T21:00:00,-0.34
2012-10-10T21:00:00,0.14
2012-10-11T21:00:00,-0.2
2012-10-13T21:00:00,0.06
2012-10-14T21:00:00,-0.14
2012-10-15T21:00:00,-0.68
2012-10-16T21:00:00,0.47
2012-10-17T21:00:00,-0.43
2012-10-18T21:00:00,-0.57
2012-10-20T21:00:00,-0.08
2012-10-21T21:00:00,0.22
2012-10-22T21:00:00,0.28
2012-10-23T21:00:00,-0.38
2012-10-24T21:00:00,-0.01
2012-10-25T21:00:00,-0.36
2012-10-26T21:00:00,0.0
2012-10-27T21:00:00,0.01
2012-10-28T21:00:00,-0.08
2012-10-29T21:00:00,-0.06
2012-10-30T21:00:00,-0.06
2012-10-31T21:00:00,0.25
2012-11-01T21:00:00,0.46
2012-11-02T21:00:00,0.0
2012-11-03T21:00:00,-0.04
2012-11-04T22:00:00,-0.05
2012-11-05T22:00:00,0.25
2012-11-06T22:00:00,-0.26
2012-11-07T22:00:00,-0.3
2012-11-08T22:00:00,0.02
2012-11-09T22:00:00,0.0
2012-11-10T22:00:00,0.03
2012-11-11T22:00:00,-0.03
2012-11-12T22:00:00,-0.22
2012-11-13T22:00:00,0.05
2012-11-14T22:00:00,0.36
2012-11-15T22:00:00,0.03
2012-11-17T22:00:00,-0.01
2012-11-18T22:00:00,0.12
2012-11-19T22:00:00,0.03
2012-11-20T22:00:00,0.17
2012-11-21T22:00:00,-0.19
2012-11-22T22:00:00,-0.0
2012-11-23T22:00:00,0.0
2012-11-24T22:00:00,-0.02
2012-11-25T22:00:00,-0.1
2012-11-26T22:00:00,0.01
2012-11-27T22:00:00,0.13
2012-11-28T22:00:00,-0.06
2012-11-29T22:00:00,-0.07
2012-12-02T22:00:00,-0.24
2012-12-03T22:00:00,0.06
2012-12-04T22:00:00,0.15
2012-12-05T22:00:00,0.11
2012-12-06T22:00:00,0.36
2012-12-07T22:00:00,0.0
2012-12-09T22:00:00,-0.06
2012-12-10T22:00:00,-0.14
2012-12-11T22:00:00,0.03
2012-12-12T22:00:00,0.03
2012-12-13T22:00:00,-0.35
2012-12-15T22:00:00,0.02
2012-12-16T22:00:00,0.21
2012-12-17T22:00:00,-0.26
2012-12-18T22:00:00,-0.09
2012-12-19T22:00:00,0.04
2012-12-20T22:00:00,-0.15
2012-12-22T22:00:00,-0.02
2012-12-23T22:00:00,0.32
2012-12-25T22:00:00,-0.2
2012-12-26T22:00:00,-0.04
2012-12-27T22:00:00,-0.16
2012-12-29T22:00:00,0.02
2012-12-30T22:00:00,0.11
2013-01-01T22:00:00,0.68
2013-01-02T22:00:00,0.18
2013-01-03T22:00:00,0.09
2013-01-04T22:00:00,0.0
2013-01-05T22:00:00,0.09
2013-01-06T22:00:00,-0.16
2013-01-07T22:00:00,-0.04
2013-01-08T22:00:00,-0.01
2013-01-09T22:00:00,-0.06
2013-01-10T22:00:00,0.06
2013-01-11T22:00:00,0.0
2013-01-12T22:00:00,-0.01
2013-01-13T22:00:00,0.13
2013-01-14T22:00:00,0.1
2013-01-15T22:00:00,-0.21
2013-01-16T22:00:00,0.23
2013-01-17T22:00:00,-0.34
2013-01-18T22:00:00,0.0
2013-01-19T22:00:00,-0.01
2013-01-20T22:00:00,-0.14
2013-01-21T22:00:00,-0.17
2013-01-22T22:00:00,-0.68
2013-01-23T22:00:00,0.04
2013-01-24T22:00:00,-0.25
2013-01-26T22:00:00,-0.05
2013-01-27T22:00:00,0.09
2013-01-28T22:00:00,0.19
2013-01-29T22:00:00,-0.08
2013-01-30T22:00:00,0.36
2013-01-31T22:00:00,0.19
2013-02-01T22:00:00,0.0
2013-02-02T22:00:00,-0.02
2013-02-03T22:00:00,-0.15
2013-02-04T22:00:00,0.46
2013-02-05T22:00:00,0.21
2013-02-06T22:00:00,0.07
2013-02-07T22:00:00,-0.6
2013-02-08T22:00:00,0.0
2013-02-10T22:00:00,0.17
2013-02-11T22:00:00,-0.06
2013-02-12T22:00:00,-0.03
2013-02-13T22:00:00,0.08
2013-02-14T22:00:00,-0.29
2013-02-15T22:00:00,0.0
2013-02-17T22:00:00,-0.24
2013-02-18T22:00:00,-0.21
2013-02-19T22:00:00,0.03
2013-02-20T22:00:00,-0.06
2013-02-21T22:00:00,-0.36
2013-02-24T22:00:00,-0.44
2013-02-25T22:00:00,0.16
2013-02-26T22:00:00,0.16
2013-02-27T22:00:00,-0.45
2013-02-28T22:00:00,0.66
2013-03-01T22:00:00,0.0
2013-03-03T22:00:00,-0.1
2013-03-04T22:00:00,-0.11
2013-03-05T22:00:00,-0.06
2013-03-06T22:00:00,0.07
2013-03-07T22:00:00,0.58
2013-03-08T22:00:00,0.0
2013-03-10T21:00:00,0.02
2013-03-11T21:00:00,-0.03
2013-03-12T21:00:00,0.09
2013-03-13T21:00:00,0.15
2013-03-14T21:00:00,-0.1
2013-03-15T21:00:00,0.0
2013-03-17T21:00:00,0.0
2013-03-18T21:00:00,-0.28
2013-03-19T21:00:00,0.11
2013-03-20T21:00:00,-0.22
2013-03-21T21:00:00,-0.1
2013-03-24T21:00:00,0.24
2013-03-25T21:00:00,0.39
2013-03-26T21:00:00,0.23
2013-03-27T21:00:00,-0.14
2013-03-28T21:00:00,-0.13
2013-03-31T21:00:00,-0.15
2013-04-01T21:00:00,0.25
2013-04-02T21:00:00,-0.12
2013-04-03T21:00:00,0.35
2013-04-04T21:00:00,-0.42
2013-04-07T21:00:00,0.17
2013-04-08T21:00:00,-0.31
2013-04-09T21:00:00,0.15
2013-04-10T21:00:00,0.17
2013-04-11T21:00:00,-0.34
2013-04-12T21:00:00,0.0
2013-04-14T21:00:00,-0.6
2013-04-15T21:00:00,0.03
2013-04-16T21:00:00,0.03
2013-04-17T21:00:00,0.02
2013-04-18T21:00:00,0.18
2013-04-21T21:00:00,-0.06
2013-04-22T21:00:00,0.29
2013-04-23T21:00:00,-0.1
2013-04-24T21:00:00,0.27
2013-04-25T21:00:00,0.13
2013-04-28T21:00:00,0.19
2013-04-29T21:00:00,0.14
2013-04-30T21:00:00,0.03
2013-05-01T21:00:00,0.1
2013-05-02T21:00:00,0.17
2013-05-05T21:00:00,0.23
2013-05-06T21:00:00,0.4
2013-05-07T21:00:00,0.04
2013-05-08T21:00:00,0.21
2013-05-09T21:00:00,0.21
2013-05-12T21:00:00,0.24
2013-05-13T21:00:00,-0.26
2013-05-14T21:00:00,0.14
2013-05-15T21:00:00,-0.11
2013-05-16T21:00:00,-0.24
2013-05-19T21:00:00,0.03
2013-05-20T21:00:00,-0.06
2013-05-21T21:00:00,-0.35
2013-05-22T21:00:00,0.1
2013-05-23T21:00:00,-0.12
2013-05-26T21:00:00,-0.26
2013-05-27T21:00:00,-0.01
2013-05-28T21:00:00,-0.09
2013-05-29T21:00:00,0.11
2013-05-30T21:00:00,-0.3
2013-06-02T21:00:00,0.15
2013-06-03T21:00:00,-0.3
2013-06-04T21:00:00,-0.09
2013-06-05T21:00:00,-0.06
2013-06-06T21:00:00,1.08
2013-06-09T21:00:00,0.09
2013-06-10T21:00:00,-0.37
2013-06-11T21:00:00,-0.49
2013-06-12T21:00:00,0.0
2013-06-13T21:00:00,-0.06
2013-06-16T21:00:00,0.07
2013-06-17T21:00:00,-0.03
2013-06-18T21:00:00,0.22
2013-06-19T21:00:00,-0.55
2013-06-20T21:00:00,-0.33
2013-06-23T21:00:00,-0.33
2013-06-24T21:00:00,-0.07
2013-06-25T21:00:00,0.49
2013-06-26T21:00:00,-0.02
2013-06-27T21:00:00,-0.02
2013-06-30T21:00:00,-0.04
2013-07-01T21:00:00,0.11
2013-07-02T21:00:00,0.15
2013-07-03T21:00:00,0.12
2013-07-04T21:00:00,0.14
2013-07-07T21:00:00,-0.15
2013-07-08T21:00:00,0.38
2013-07-09T21:00:00,-0.04
2013-07-10T21:00:00,0.32
2013-07-11T21:00:00,0.1
2013-07-14T21:00:00,-0.32
2013-07-15T21:00:00,-0.09
2013-07-16T21:00:00,-0.23
2013-07-17T21:00:00,0.48
2013-07-18T21:00:00,-0.02
2013-07-21T21:00:00,-0.15
2013-07-22T21:00:00,0.27
2013-07-23T21:00:00,0.17
2013-07-24T21:00:00,-0.29
2013-07-25T21:00:00,-0.12
2013-07-28T21:00:00,0.37
2013-07-29T21:00:00,-0.05
2013-07-30T21:00:00,0.28
2013-07-31T21:00:00,0.03
2013-08-01T21:00:00,-0.63
2013-08-04T21:00:00,0.04
2013-08-05T21:00:00,-0.42
2013-08-06T21:00:00,-0.82
2013-08-07T21:00:00,0.56
2013-08-08T21:00:00,0.21
2013-08-11T21:00:00,0.15
2013-08-12T21:00:00,0.06
2013-08-13T21:00:00,-0.07
2013-08-14T21:00:00,-0.12
2013-08-15T21:00:00,-0.29
2013-08-18T21:00:00,0.13
2013-08-19T21:00:00,-0.46
2013-08-20T21:00:00,-0.2
2013-08-21T21:00:00,-0.23
2013-08-22T21:00:00,0.11
2013-08-25T21:00:00,0.06
2013-08-26T21:00:00,0.14
2013-08-27T21:00:00,0.06
2013-08-28T21:00:00,-0.11
2013-08-29T21:00:00,0.03
2013-09-01T21:00:00,-0.12
2013-09-02T21:00:00,0.12
2013-09-03T21:00:00,-0.02
2013-09-04T21:00:00,0.28
2013-09-05T21:00:00,0.32
2013-09-08T21:00:00,0.1
2013-09-09T21:00:00,0.09
2013-09-10T21:00:00,0.02
2013-09-11T21:00:00,-0.04
2013-09-12T21:00:00,-0.26
2013-09-15T21:00:00,0.13
2013-09-16T21:00:00,0.08
2013-09-17T21:00:00,-0.32
2013-09-18T21:00:00,-0.1
2013-09-19T21:00:00,-0.24
2013-09-22T21:00:00,0.1
2013-09-23T21:00:00,0.1
2013-09-24T21:00:00,-0.2
2013-09-25T21:00:00,0.1
2013-09-26T21:00:00,-0.08
2013-09-27T21:00:00,-0.0
2013-09-29T21:00:00,0.02
2013-09-30T21:00:00,-0.23
2013-10-01T21:00:00,-0.35
2013-10-02T21:00:00,0.04
2013-10-03T21:00:00,0.49
2013-10-06T21:00:00,-0.26
2013-10-07T21:00:00,-0.41
2013-10-08T21:00:00,-0.03
2013-10-09T21:00:00,0.06
2013-10-10T21:00:00,0.37
2013-10-13T21:00:00,0.05
2013-10-14T21:00:00,-0.31
2013-10-15T21:00:00,0.48
2013-10-16T21:00:00,-0.31
2013-10-17T21:00:00,-0.07
2013-10-20T21:00:00,0.03
2013-10-21T21:00:00,-0.23
2013-10-22T21:00:00,-0.64
2013-10-23T21:00:00,-0.36
2013-10-24T21:00:00,-0.08
2013-10-27T21:00:00,0.08
2013-10-28T21:00:00,0.16
2013-10-29T21:00:00,-0.07
2013-10-30T21:00:00,0.64
2013-10-31T21:00:00,0.33
2013-11-03T22:00:00,-0.24
2013-11-04T22:00:00,-0.35
2013-11-05T22:00:00,0.25
2013-11-06T22:00:00,-0.18
2013-11-07T22:00:00,0.28
2013-11-10T22:00:00,0.05
2013-11-11T22:00:00,0.0
2013-11-12T22:00:00,-0.06
2013-11-13T22:00:00,0.13
2013-11-14T22:00:00,0.02
2013-11-17T22:00:00,0.05
2013-11-18T22:00:00,-0.52
2013-11-19T22:00:00,0.52
2013-11-20T22:00:00,-0.35
2013-11-21T22:00:00,-0.04
2013-11-24T22:00:00,0.03
2013-11-25T22:00:00,-0.1
2013-11-26T22:00:00,-0.27
2013-11-27T22:00:00,0.07
2013-11-28T22:00:00,-0.27
2013-12-01T22:00:00,-0.06
2013-12-02T22:00:00,-0.32
2013-12-03T22:00:00,-0.14
2013-12-04T22:00:00,0.03
2013-12-05T22:00:00,0.0
2013-12-08T22:00:00,0.12
2013-12-09T22:00:00,0.02
2013-12-10T22:00:00,0.28
2013-12-11T22:00:00,-0.1
2013-12-12T22:00:00,0.43
2013-12-15T22:00:00,-0.08
2013-12-16T22:00:00,-0.08
2013-12-17T22:00:00,-0.44
2013-12-18T22:00:00,0.48
2013-12-19T22:00:00,0.14
2013-12-22T22:00:00,0.26
2013-12-23T22:00:00,-0.02
2013-12-25T22:00:00,-0.07
2013-12-26T22:00:00,-0.56
2013-12-29T22:00:00,0.26
2013-12-30T22:00:00,0.06
2014-01-01T22:00:00,-0.03
2014-01-02T22:00:00,0.3
2014-01-05T22:00:00,-0.29
2014-01-06T22:00:00,-0.74
2014-01-07T22:00:00,-0.33
2014-01-08T22:00:00,-0.29
2014-01-09T22:00:00,-0.8
2014-01-12T22:00:00,0.16
2014-01-13T22:00:00,-0.45
2014-01-14T22:00:00,0.44
2014-01-15T22:00:00,0.04
2014-01-16T22:00:00,0.01
2014-01-19T22:00:00,-0.01
2014-01-20T22:00:00,-0.13
2014-01-21T22:00:00,-1.04
2014-01-22T22:00:00,-0.44
2014-01-23T22:00:00,0.31
2014-01-26T22:00:00,-0.47
2014-01-27T22:00:00,-0.34
2014-01-28T22:00:00,-0.11
2014-01-29T22:00:00,0.34
2014-01-30T22:00:00,0.43
2014-02-02T22:00:00,-0.11
2014-02-03T22:00:00,-0.06
2014-02-04T22:00:00,0.01
2014-02-05T22:00:00,-0.0
2014-02-06T22:00:00,0.16
2014-02-09T22:00:00,-0.16
2014-02-10T22:00:00,0.22
2014-02-11T22:00:00,0.03
2014-02-12T22:00:00,-0.01
2014-02-13T22:00:00,-0.3
2014-02-16T22:00:00,0.28
2014-02-17T22:00:00,0.19
2014-02-18T22:00:00,-0.95
2014-02-19T22:00:00,-0.18
2014-02-20T22:00:00,-0.01
2014-02-23T22:00:00,0.22
2014-02-24T22:00:00,-0.23
2014-02-25T22:00:00,-0.14
2014-02-26T22:00:00,-0.09
2014-02-27T22:00:00,0.32
2014-03-02T22:00:00,0.05
2014-03-03T22:00:00,-0.06
2014-03-04T22:00:00,0.42
2014-03-05T22:00:00,0.02
2014-03-06T22:00:00,-0.77
2014-03-09T21:00:00,-0.03
2014-03-10T21:00:00,0.05
2014-03-11T21:00:00,-0.31
2014-03-12T21:00:00,0.27
2014-03-13T21:00:00,-0.38
2014-03-16T21:00:00,0.29
2014-03-17T21:00:00,-0.8
2014-03-18T21:00:00,-0.28
2014-03-19T21:00:00,0.12
2014-03-20T21:00:00,0.03
2014-03-23T21:00:00,0.03
2014-03-24T21:00:00,0.12
2014-03-25T21:00:00,0.42
2014-03-26T21:00:00,0.47
2014-03-27T21:00:00,-0.22
2014-03-30T21:00:00,0.07
2014-03-31T21:00:00,0.29
2014-04-01T21:00:00,0.11
2014-04-02T21:00:00,0.15
2014-04-03T21:00:00,0.26
2014-04-06T21:00:00,-0.08
2014-04-07T21:00:00,-0.14
2014-04-08T21:00:00,0.14
2014-04-09T21:00:00,-0.52
2014-04-10T21:00:00,-0.34
2014-04-13T21:00:00,0.18
2014-04-14T21:00:00,-0.02
2014-04-15T21:00:00,-0.25
2014-04-16T21:00:00,0.24
2014-04-17T21:00:00,-0.15
2014-04-20T21:00:00,0.18
2014-04-21T21:00:00,-0.19
2014-04-22T21:00:00,0.06
2014-04-23T21:00:00,0.08
2014-04-24T21:00:00,-0.18
2014-04-27T21:00:00,0.19
2014-04-28T21:00:00,0.72
2014-04-29T21:00:00,-0.39
2014-04-30T21:00:00,-0.01
2014-05-01T21:00:00,-0.18
2014-05-04T21:00:00,0.24
2014-05-05T21:00:00,0.15
2014-05-06T21:00:00,0.15
2014-05-07T21:00:00,0.6
2014-05-08T21:00:00,-0.32
2014-05-11T21:00:00,0.08
2014-05-12T21:00:00,0.02
2014-05-13T21:00:00,0.03
2014-05-14T21:00:00,0.06
2014-05-15T21:00:00,0.2
2014-05-18T21:00:00,-0.07
2014-05-19T21:00:00,-0.12
2014-05-20T21:00:00,-0.1
2014-05-21T21:00:00,0.32
2014-05-22T21:00:00,0.35
2014-05-25T21:00:00,0.05
2014-05-26T21:00:00,0.05
2014-05-27T21:00:00,0.06
2014-05-28T21:00:00,0.2
2014-05-29T21:00:00,-0.19
2014-06-01T21:00:00,-0.19
2014-06-02T21:00:00,-0.1
2014-06-03T21:00:00,-0.21
2014-06-04T21:00:00,-0.27
2014-06-05T21:00:00,0.0
2014-06-08T21:00:00,0.23
2014-06-09T21:00:00,0.02
2014-06-10T21:00:00,0.24
2014-06-11T21:00:00,-0.29
2014-06-12T21:00:00,0.11
2014-06-15T21:00:00,0.0
2014-06-16T21:00:00,0.05
2014-06-17T21:00:00,-0.12
2014-06-18T21:00:00,0.14
2014-06-19T21:00:00,0.59
2014-06-22T21:00:00,0.12
2014-06-23T21:00:00,-0.0
2014-06-24T21:00:00,0.04
2014-06-25T21:00:00,0.2
2014-06-26T21:00:00,0.1
2014-06-29T21:00:00,-0.18
2014-06-30T21:00:00,0.25
2014-07-01T21:00:00,-0.16
2014-07-02T21:00:00,0.52
2014-07-03T21:00:00,-0.16
2014-07-06T21:00:00,-0.32
2014-07-07T21:00:00,-0.09
2014-07-08T21:00:00,0.09
2014-07-09T21:00:00,0.06
2014-07-10T21:00:00,-0.69
2014-07-13T21:00:00,0.21
2014-07-14T21:00:00,-0.24
2014-07-15T21:00:00,0.28
2014-07-16T21:00:00,-0.14
2014-07-17T21:00:00,0.17
2014-07-20T21:00:00,0.0
2014-07-21T21:00:00,0.11
2014-07-22T21:00:00,-0.05
2014-07-23T21:00:00,0.16
2014-07-24T21:00:00,-0.49
2014-07-27T21:00:00,0.14
2014-07-28T21:00:00,-0.26
2014-07-29T21:00:00,-0.23
2014-07-30T21:00:00,0.07
2014-07-31T21:00:00,-0.19
2014-08-03T21:00:00,0.05
2014-08-04T21:00:00,-0.29
2014-08-05T21:00:00,0.25
2014-08-06T21:00:00,0.07
2014-08-07T21:00:00,-0.43
2014-08-10T21:00:00,0.43
2014-08-11T21:00:00,0.03
2014-08-12T21:00:00,0.09
2014-08-13T21:00:00,0.01
2014-08-14T21:00:00,-0.05
2014-08-17T21:00:00,0.09
2014-08-18T21:00:00,-0.16
2014-08-19T21:00:00,0.05
2014-08-20T21:00:00,0.13
2014-08-21T21:00:00,0.04
2014-08-24T21:00:00,-0.12
2014-08-25T21:00:00,0.34
2014-08-26T21:00:00,0.53
2014-08-27T21:00:00,-0.0
2014-08-28T21:00:00,-0.02
2014-08-31T21:00:00,0.01
2014-09-01T21:00:00,-0.17
2014-09-02T21:00:00,0.17
2014-09-03T21:00:00,0.6
2014-09-04T21:00:00,-0.16
2014-09-07T21:00:00,-0.34
2014-09-08T21:00:00,0.02
2014-09-09T21:00:00,0.48
2014-09-10T21:00:00,-0.71
2014-09-11T21:00:00,-0.41
2014-09-14T21:00:00,0.31
2014-09-15T21:00:00,0.45
2014-09-16T21:00:00,0.4
2014-09-17T21:00:00,0.23
2014-09-18T21:00:00,0.13
2014-09-21T21:00:00,-0.56
2014-09-22T21:00:00,-0.2
2014-09-23T21:00:00,0.21
2014-09-24T21:00:00,-0.08
2014-09-25T21:00:00,-0.05
2014-09-28T21:00:00,0.11
2014-09-29T21:00:00,-0.26
2014-09-30T21:00:00,0.24
2014-10-01T21:00:00,-0.23
2014-10-02T21:00:00,0.19
2014-10-05T21:00:00,0.33
2014-10-06T21:00:00,-0.5
2014-10-07T21:00:00,0.27
2014-10-08T21:00:00,-0.42
2014-10-09T21:00:00,0.19
2014-10-12T21:00:00,-0.61
2014-10-13T21:00:00,-0.37
2014-10-14T21:00:00,-0.46
2014-10-15T21:00:00,0.13
2014-10-16T21:00:00,0.01
2014-10-19T21:00:00,-0.23
2014-10-20T21:00:00,0.71
2014-10-21T21:00:00,0.11
2014-10-22T21:00:00,0.34
2014-10-23T21:00:00,-0.21
2014-10-26T21:00:00,-0.32
2014-10-27T21:00:00,0.52
2014-10-28T21:00:00,0.44
2014-10-29T21:00:00,-0.04
2014-10-30T21:00:00,-0.02
2014-11-02T22:00:00,-0.26
2014-11-03T22:00:00,-0.77
2014-11-04T22:00:00,0.67
2014-11-05T22:00:00,0.15
2014-11-06T22:00:00,0.3
2014-11-09T22:00:00,-0.22
2014-11-10T22:00:00,0.16
2014-11-11T22:00:00,0.1
2014-11-12T22:00:00,-0.41
2014-11-13T22:00:00,0.6
2014-11-16T22:00:00,0.12
2014-11-17T22:00:00,-0.1
2014-11-18T22:00:00,-0.05
2014-11-19T22:00:00,0.26
2014-11-20T22:00:00,0.73
2014-11-23T22:00:00,-0.4
2014-11-24T22:00:00,0.26
2014-11-25T22:00:00,-0.16
2014-11-26T22:00:00,-0.56
2014-11-27T22:00:00,-0.39
2014-11-30T22:00:00,0.65
2014-12-01T22:00:00,-0.18
2014-12-02T22:00:00,0.56
2014-12-03T22:00:00,-0.24
2014-12-04T22:00:00,0.2
2014-12-07T22:00:00,-0.42
2014-12-08T22:00:00,0.01
2014-12-09T22:00:00,-0.84
2014-12-10T22:00:00,-0.14
2014-12-11T22:00:00,-0.43
2014-12-14T22:00:00,-0.46
2014-12-15T22:00:00,-0.13
2014-12-16T22:00:00,0.82
2014-12-17T22:00:00,0.42
2014-12-18T22:00:00,0.07
2014-12-21T22:00:00,-0.06
2014-12-22T22:00:00,0.42
2014-12-23T22:00:00,-0.22
2014-12-25T22:00:00,0.04
2014-12-28T22:00:00,-0.11
2014-12-29T22:00:00,-0.07
2014-12-30T22:00:00,0.17
2015-01-01T22:00:00,-0.63
2015-01-04T22:00:00,0.21
2015-01-05T22:00:00,-0.66
2015-01-06T22:00:00,0.36
2015-01-07T22:00:00,-0.1
2015-01-08T22:00:00,-0.61
2015-01-11T22:00:00,-0.65
2015-01-12T22:00:00,0.25
2015-01-13T22:00:00,-0.03
2015-01-14T22:00:00,-2.07
2015-01-15T22:00:00,0.27
2015-01-18T22:00:00,0.55
2015-01-19T22:00:00,-0.96
2015-01-20T22:00:00,-1.78
2015-01-21T22:00:00,0.34
2015-01-22T22:00:00,0.17
2015-01-25T22:00:00,-0.04
2015-01-26T22:00:00,0.2
2015-01-27T22:00:00,-0.52
2015-01-28T22:00:00,-0.09
2015-01-29T22:00:00,-0.82
2015-02-01T22:00:00,0.9
2015-02-02T22:00:00,0.79
2015-02-03T22:00:00,-1.01
2015-02-04T22:00:00,0.61
2015-02-05T22:00:00,-0.11
2015-02-08T22:00:00,0.3
2015-02-09T22:00:00,-0.74
2015-02-10T22:00:00,-0.06
2015-02-11T22:00:00,0.5
2015-02-12T22:00:00,0.33
2015-02-15T22:00:00,-0.08
2015-02-16T22:00:00,0.51
2015-02-17T22:00:00,-0.49
2015-02-18T22:00:00,-0.09
2015-02-19T22:00:00,-0.44
2015-02-22T22:00:00,-0.14
2015-02-23T22:00:00,0.62
2015-02-24T22:00:00,0.1
2015-02-25T22:00:00,-0.08
2015-02-26T22:00:00,0.08
2015-03-01T22:00:00,0.02
2015-03-02T22:00:00,0.16
2015-03-03T22:00:00,0.65
2015-03-04T22:00:00,-0.01
2015-03-05T22:00:00,-0.18
2015-03-08T21:00:00,0.06
2015-03-09T21:00:00,0.02
2015-03-10T21:00:00,-0.09
2015-03-11T21:00:00,-0.03
2015-03-12T21:00:00,-0.15
2015-03-15T21:00:00,-0.12
2015-03-16T21:00:00,0.0
2015-03-17T21:00:00,0.24
2015-03-18T21:00:00,-0.2
2015-03-19T21:00:00,0.23
2015-03-22T21:00:00,-0.28
2015-03-23T21:00:00,0.24
2015-03-24T21:00:00,-0.09
2015-03-25T21:00:00,0.38
2015-03-26T21:00:00,-0.89
2015-03-29T21:00:00,-0.07
2015-03-30T21:00:00,0.24
2015-03-31T21:00:00,0.3
2015-04-01T21:00:00,0.14
2015-04-02T21:00:00,0.01
2015-04-05T21:00:00,0.38
2015-04-06T21:00:00,0.18
2015-04-07T21:00:00,-0.49
2015-04-08T21:00:00,0.12
2015-04-09T21:00:00,0.37
2015-04-12T21:00:00,0.05
2015-04-13T21:00:00,0.32
2015-04-14T21:00:00,1.04
2015-04-15T21:00:00,0.21
2015-04-16T21:00:00,-0.57
2015-04-19T21:00:00,0.24
2015-04-20T21:00:00,-0.35
2015-04-21T21:00:00,0.36
2015-04-22T21:00:00,0.41
2015-04-23T21:00:00,-0.6
2015-04-26T21:00:00,0.57
2015-04-27T21:00:00,-0.13
2015-04-28T21:00:00,-0.2
2015-04-29T21:00:00,-0.25
2015-04-30T21:00:00,-0.19
2015-05-03T21:00:00,0.51
2015-05-04T21:00:00,-0.14
2015-05-05T21:00:00,-0.19
2015-05-06T21:00:00,-0.28
2015-05-07T21:00:00,0.4
2015-05-10T21:00:00,0.16
2015-05-11T21:00:00,0.27
2015-05-12T21:00:00,-0.32
2015-05-13T21:00:00,-0.32
2015-05-14T21:00:00,-0.07
2015-05-17T21:00:00,-0.61
2015-05-18T21:00:00,0.1
2015-05-19T21:00:00,0.37
2015-05-20T21:00:00,-0.19
2015-05-21T21:00:00,-0.17
2015-05-24T21:00:00,-0.1
2015-05-25T21:00:00,-0.2
2015-05-26T21:00:00,-0.16
2015-05-27T21:00:00,0.29
2015-05-28T21:00:00,-0.07
2015-05-31T21:00:00,-0.25
2015-06-01T21:00:00,0.0
2015-06-02T21:00:00,-0.46
2015-06-03T21:00:00,-0.14
2015-06-04T21:00:00,1.09
2015-06-07T21:00:00,-0.57
2015-06-08T21:00:00,0.55
2015-06-09T21:00:00,0.08
2015-06-10T21:00:00,0.15
2015-06-11T21:00:00,-0.15
2015-06-14T21:00:00,-0.17
2015-06-15T21:00:00,0.23
2015-06-16T21:00:00,0.12
2015-06-17T21:00:00,-0.02
2015-06-18T21:00:00,-0.31
2015-06-21T21:00:00,-0.09
2015-06-22T21:00:00,0.3
2015-06-23T21:00:00,-0.44
2015-06-24T21:00:00,0.36
2015-06-25T21:00:00,0.3
2015-06-28T21:00:00,-1.0
2015-06-29T21:00:00,-0.36
2015-06-30T21:00:00,-0.18
2015-07-01T21:00:00,0.26
2015-07-02T21:00:00,-0.1
2015-07-05T21:00:00,-0.51
2015-07-06T21:00:00,-0.08
2015-07-07T21:00:00,-0.55
2015-07-08T21:00:00,0.3
2015-07-09T21:00:00,0.22
2015-07-12T21:00:00,0.08
2015-07-13T21:00:00,-0.15
2015-07-14T21:00:00,-0.82
2015-07-15T21:00:00,-0.05
2015-07-16T21:00:00,0.06
2015-07-19T21:00:00,-0.07
2015-07-20T21:00:00,-0.06
2015-07-21T21:00:00,-0.44
2015-07-22T21:00:00,-0.01
2015-07-23T21:00:00,0.14
2015-07-26T21:00:00,-0.22
2015-07-27T21:00:00,0.55
2015-07-28T21:00:00,0.13
2015-07-29T21:00:00,-0.16
2015-07-30T21:00:00,-0.71
2015-08-02T21:00:00,-0.2
2015-08-03T21:00:00,-0.11
2015-08-04T21:00:00,0.19
2015-08-05T21:00:00,0.47
2015-08-06T21:00:00,-0.4
2015-08-09T21:00:00,0.74
2015-08-10T21:00:00,-0.25
2015-08-11T21:00:00,0.34
2015-08-12T21:00:00,-0.45
2015-08-13T21:00:00,-0.14
2015-08-16T21:00:00,0.17
2015-08-17T21:00:00,0.13
2015-08-18T21:00:00,-0.77
2015-08-19T21:00:00,0.03
2015-08-20T21:00:00,-1.07
2015-08-23T21:00:00,-0.95
2015-08-24T21:00:00,-0.06
2015-08-25T21:00:00,0.93
2015-08-26T21:00:00,0.82
2015-08-27T21:00:00,0.13
2015-08-28T21:00:00,0.0
2015-08-30T21:00:00,0.79
2015-08-31T21:00:00,-0.97
2015-09-01T21:00:00,0.18
2015-09-02T21:00:00,0.69
2015-09-03T21:00:00,-0.36
2015-09-06T21:00:00,-0.2
2015-09-07T21:00:00,0.32
2015-09-08T21:00:00,-0.38
2015-09-09T21:00:00,-0.03
2015-09-10T21:00:00,-0.29
2015-09-13T21:00:00,-0.24
2015-09-14T21:00:00,0.17
2015-09-15T21:00:00,0.26
2015-09-16T21:00:00,-0.36
2015-09-17T21:00:00,-0.15
2015-09-20T21:00:00,0.24
2015-09-21T21:00:00,0.17
2015-09-22T21:00:00,-0.04
2015-09-23T21:00:00,-0.14
2015-09-24T21:00:00,-0.06
2015-09-27T21:00:00,-0.39
2015-09-28T21:00:00,-0.22
2015-09-29T21:00:00,0.69
2015-09-30T21:00:00,0.43
2015-10-01T21:00:00,0.6
2015-10-04T21:00:00,0.44
2015-10-05T21:00:00,-0.1
2015-10-06T21:00:00,-0.33
2015-10-07T21:00:00,-0.04
2015-10-08T21:00:00,0.18
2015-10-11T21:00:00,-0.37
2015-10-12T21:00:00,-0.01
2015-10-13T21:00:00,-0.16
2015-10-14T21:00:00,0.46
2015-10-15T21:00:00,-0.03
2015-10-18T21:00:00,-0.66
2015-10-19T21:00:00,0.33
2015-10-20T21:00:00,-0.86
2015-10-21T21:00:00,0.62
2015-10-22T21:00:00,-0.2
2015-10-25T21:00:00,-0.12
2015-10-26T21:00:00,-0.61
2015-10-27T21:00:00,1.05
2015-10-28T21:00:00,0.14
2015-10-29T21:00:00,0.25
2015-11-01T22:00:00,-0.1
2015-11-02T22:00:00,0.42
2015-11-03T22:00:00,-0.24
2015-11-04T22:00:00,0.02
2015-11-05T22:00:00,-0.12
2015-11-08T22:00:00,-0.01
2015-11-09T22:00:00,0.12
2015-11-10T22:00:00,-0.18
2015-11-11T22:00:00,-0.41
2015-11-12T22:00:00,-0.11
2015-11-15T22:00:00,0.11
2015-11-16T22:00:00,0.19
2015-11-17T22:00:00,0.12
2015-11-18T22:00:00,-0.42
2015-11-19T22:00:00,-0.26
2015-11-22T22:00:00,-0.02
2015-11-23T22:00:00,0.19
2015-11-24T22:00:00,0.11
2015-11-25T22:00:00,0.08
2015-11-26T22:00:00,-0.25
2015-11-29T22:00:00,-0.11
2015-11-30T22:00:00,-0.42
2015-12-01T22:00:00,0.3
2015-12-02T22:00:00,-1.06
2015-12-03T22:00:00,0.03
2015-12-06T22:00:00,-0.43
2015-12-07T22:00:00,-0.6
2015-12-08T22:00:00,-0.59
2015-12-09T22:00:00,-0.3
2015-12-10T22:00:00,-0.78
2015-12-13T22:00:00,-0.16
2015-12-14T22:00:00,0.26
2015-12-15T22:00:00,-0.33
2015-12-16T22:00:00,-0.37
2015-12-17T22:00:00,-0.46
2015-12-20T22:00:00,-0.31
2015-12-21T22:00:00,0.05
2015-12-22T22:00:00,0.51
2015-12-23T22:00:00,-0.31
2015-12-27T22:00:00,-0.29
2015-12-28T22:00:00,0.48
2015-12-29T22:00:00,-0.23
2015-12-30T22:00:00,0.48
2016-01-03T22:00:00,-0.59
2016-01-04T22:00:00,-0.03
2016-01-05T22:00:00,-0.3
2016-01-06T22:00:00,-0.51
2016-01-07T22:00:00,-0.04
2016-01-10T22:00:00,-0.24
2016-01-11T22:00:00,-0.15
2016-01-12T22:00:00,-0.37
2016-01-13T22:00:00,-0.1
2016-01-14T22:00:00,-0.91
2016-01-17T22:00:00,0.31
2016-01-18T22:00:00,-0.06
2016-01-19T22:00:00,0.38
2016-01-20T22:00:00,1.24
2016-01-21T22:00:00,1.16
2016-01-24T22:00:00,-0.88
2016-01-25T22:00:00,0.86
2016-01-26T22:00:00,0.32
2016-01-27T22:00:00,0.11
2016-01-28T22:00:00,0.8
2016-01-31T22:00:00,-0.22
2016-02-01T22:00:00,-0.59
2016-02-02T22:00:00,0.61
2016-02-03T22:00:00,-0.4
2016-02-04T22:00:00,-0.56
2016-02-07T22:00:00,-0.37
2016-02-08T22:00:00,0.05
2016-02-09T22:00:00,-0.74
2016-02-10T22:00:00,-0.23
2016-02-11T22:00:00,0.92
2016-02-14T22:00:00,0.36
2016-02-15T22:00:00,0.08
2016-02-16T22:00:00,1.12
2016-02-17T22:00:00,-0.43
2016-02-18T22:00:00,-0.38
2016-02-21T22:00:00,0.53
2016-02-22T22:00:00,-0.46
2016-02-23T22:00:00,0.59
2016-02-24T22:00:00,1.02
2016-02-25T22:00:00,0.77
2016-02-28T22:00:00,-0.33
2016-02-29T22:00:00,0.85
2016-03-01T22:00:00,-0.44
2016-03-02T22:00:00,-0.3
2016-03-03T22:00:00,0.17
2016-03-06T22:00:00,0.18
2016-03-07T22:00:00,-0.7
2016-03-08T22:00:00,1.24
2016-03-09T22:00:00,-1.0
2016-03-10T22:00:00,0.57
2016-03-13T21:00:00,-0.01
2016-03-14T21:00:00,-0.35
2016-03-15T21:00:00,0.98
2016-03-16T21:00:00,-0.02
2016-03-17T21:00:00,0.09
2016-03-20T21:00:00,-0.4
2016-03-21T21:00:00,0.52
2016-03-22T21:00:00,-0.68
2016-03-23T21:00:00,-0.22
2016-03-24T21:00:00,0.02
2016-03-27T21:00:00,0.35
2016-03-28T21:00:00,0.04
2016-03-29T21:00:00,0.48
2016-03-30T21:00:00,-0.28
2016-03-31T21:00:00,-0.09
2016-04-03T21:00:00,-0.21
2016-04-04T21:00:00,-0.24
2016-04-05T21:00:00,0.12
2016-04-06T21:00:00,-0.21
2016-04-07T21:00:00,0.85
2016-04-10T21:00:00,0.36
2016-04-11T21:00:00,0.77
2016-04-12T21:00:00,0.07
2016-04-13T21:00:00,-0.02
2016-04-14T21:00:00,-0.12
2016-04-17T21:00:00,0.93
2016-04-18T21:00:00,0.37
2016-04-19T21:00:00,0.55
2016-04-20T21:00:00,-0.35
2016-04-21T21:00:00,0.87
2016-04-24T21:00:00,-0.34
2016-04-25T21:00:00,0.3
2016-04-26T21:00:00,0.32
2016-04-27T21:00:00,-0.35
2016-04-28T21:00:00,-0.35
2016-05-01T21:00:00,-0.13
2016-05-02T21:00:00,-0.77
2016-05-03T21:00:00,-0.79
2016-05-04T21:00:00,0.29
2016-05-05T21:00:00,-0.09
2016-05-08T21:00:00,0.29
2016-05-09T21:00:00,0.42
2016-05-10T21:00:00,0.09
2016-05-11T21:00:00,0.21
2016-05-12T21:00:00,-0.37
2016-05-15T21:00:00,0.26
2016-05-16T21:00:00,-0.16
2016-05-17T21:00:00,-0.38
2016-05-18T21:00:00,-0.42
2016-05-19T21:00:00,-0.07
2016-05-22T21:00:00,-0.32
2016-05-23T21:00:00,0.34
2016-05-24T21:00:00,0.63
2016-05-25T21:00:00,0.11
2016-05-26T21:00:00,0.04
2016-05-29T21:00:00,-0.15
2016-05-30T21:00:00,-0.42
2016-05-31T21:00:00,-0.18
2016-06-01T21:00:00,-0.09
2016-06-02T21:00:00,-0.03
2016-06-05T21:00:00,0.96
2016-06-06T21:00:00,0.21
2016-06-07T21:00:00,0.1
2016-06-08T21:00:00,-0.05
2016-06-09T21:00:00,-0.04
2016-06-12T21:00:00,-0.47
2016-06-13T21:00:00,0.04
2016-06-14T21:00:00,-0.57
2016-06-15T21:00:00,-0.49
2016-06-16T21:00:00,0.23
2016-06-19T21:00:00,-0.02
2016-06-20T21:00:00,0.1
2016-06-21T21:00:00,-0.51
2016-06-22T21:00:00,0.34
2016-06-23T21:00:00,-0.44
2016-06-26T21:00:00,0.3
2016-06-27T21:00:00,0.1
2016-06-28T21:00:00,0.28
2016-06-29T21:00:00,0.16
2016-06-30T21:00:00,-0.11
2016-07-03T21:00:00,0.2
2016-07-04T21:00:00,-0.43
2016-07-05T21:00:00,0.08
2016-07-06T21:00:00,-0.29
2016-07-07T21:00:00,-0.52
2016-07-10T21:00:00,-0.11
2016-07-11T21:00:00,0.3
2016-07-12T21:00:00,0.5
2016-07-13T21:00:00,0.5
2016-07-14T21:00:00,-0.16
2016-07-17T21:00:00,0.07
2016-07-18T21:00:00,-0.09
2016-07-19T21:00:00,-0.13
2016-07-20T21:00:00,-0.36
2016-07-21T21:00:00,-0.04
2016-07-24T21:00:00,-0.67
2016-07-25T21:00:00,0.01
2016-07-26T21:00:00,-0.18
2016-07-27T21:00:00,0.19
2016-07-28T21:00:00,-0.18
2016-07-31T21:00:00,-0.42
2016-08-01T21:00:00,-0.52
2016-08-02T21:00:00,0.67
2016-08-03T21:00:00,0.46
2016-08-04T21:00:00,-0.75
2016-08-07T21:00:00,0.21
2016-08-08T21:00:00,0.11
2016-08-09T21:00:00,0.15
2016-08-10T21:00:00,0.61
2016-08-11T21:00:00,0.31
2016-08-14T21:00:00,0.19
2016-08-15T21:00:00,-0.15
2016-08-16T21:00:00,0.22
2016-08-17T21:00:00,0.07
2016-08-18T21:00:00,-0.26
2016-08-21T21:00:00,-0.51
2016-08-22T21:00:00,0.18
2016-08-23T21:00:00,-0.04
2016-08-24T21:00:00,0.04
2016-08-25T21:00:00,-0.02
2016-08-28T21:00:00,-0.18
2016-08-29T21:00:00,-0.21
2016-08-30T21:00:00,-0.12
2016-08-31T21:00:00,-0.27
2016-09-01T21:00:00,0.85
2016-09-04T21:00:00,0.32
2016-09-05T21:00:00,-0.21
2016-09-06T21:00:00,-0.23
2016-09-07T21:00:00,-0.1
2016-09-08T21:00:00,-0.4
2016-09-11T21:00:00,-0.17
2016-09-12T21:00:00,-0.34
2016-09-13T21:00:00,-0.32
2016-09-14T21:00:00,0.1
2016-09-15T21:00:00,0.13
2016-09-18T21:00:00,-0.09
2016-09-19T21:00:00,0.07
2016-09-20T21:00:00,0.13
2016-09-21T21:00:00,0.4
2016-09-22T21:00:00,-0.59
2016-09-25T21:00:00,-0.61
2016-09-26T21:00:00,0.14
2016-09-27T21:00:00,0.85
2016-09-28T21:00:00,-0.29
2016-09-29T21:00:00,0.1
2016-10-02T21:00:00,0.14
2016-10-03T21:00:00,-0.02
2016-10-04T21:00:00,0.12
2016-10-05T21:00:00,0.07
2016-10-06T21:00:00,-0.59
2016-10-09T21:00:00,0.65
2016-10-10T21:00:00,-0.05
2016-10-11T21:00:00,-0.06
2016-10-12T21:00:00,0.28
2016-10-13T21:00:00,0.62
2016-10-16T21:00:00,-0.21
2016-10-17T21:00:00,-0.11
2016-10-18T21:00:00,-0.18
2016-10-19T21:00:00,-0.42
2016-10-20T21:00:00,-0.59
2016-10-23T21:00:00,0.31
2016-10-24T21:00:00,-0.5
2016-10-25T21:00:00,-0.24
2016-10-26T21:00:00,0.25
2016-10-27T21:00:00,-0.39
2016-10-30T21:00:00,0.11
2016-10-31T21:00:00,-0.24
2016-11-01T21:00:00,-0.41
2016-11-02T21:00:00,-0.3
2016-11-03T21:00:00,-0.14
2016-11-06T22:00:00,-0.11
2016-11-07T22:00:00,0.52
2016-11-08T22:00:00,-0.31
2016-11-09T22:00:00,-0.07
2016-11-10T22:00:00,-0.23
2016-11-13T22:00:00,0.02
2016-11-14T22:00:00,0.9
2016-11-15T22:00:00,0.2
2016-11-16T22:00:00,-0.07
2016-11-17T22:00:00,0.44
2016-11-20T22:00:00,0.19
2016-11-21T22:00:00,-0.05
2016-11-22T22:00:00,0.08
2016-11-23T22:00:00,0.02
2016-11-24T22:00:00,-0.46
2016-11-27T22:00:00,0.45
2016-11-28T22:00:00,-0.29
2016-11-29T22:00:00,0.5
2016-11-30T22:00:00,0.45
2016-12-01T22:00:00,-0.16
2016-12-04T22:00:00,-0.07
2016-12-05T22:00:00,0.15
2016-12-06T22:00:00,0.13
2016-12-07T22:00:00,0.62
2016-12-08T22:00:00,0.38
2016-12-11T22:00:00,-0.4
2016-12-12T22:00:00,0.0
2016-12-13T22:00:00,-0.31
2016-12-14T22:00:00,0.31
2016-12-15T22:00:00,0.06
2016-12-18T22:00:00,-0.29
2016-12-19T22:00:00,0.35
2016-12-20T22:00:00,-0.32
2016-12-21T22:00:00,-0.38
2016-12-22T22:00:00,-0.33
2016-12-26T22:00:00,-0.3
2016-12-27T22:00:00,0.15
2016-12-28T22:00:00,0.02
2016-12-29T22:00:00,0.4
2017-01-02T22:00:00,0.27
2017-01-03T22:00:00,0.37
2017-01-04T22:00:00,-0.18
2017-01-05T22:00:00,0.56
2017-01-08T22:00:00,-0.01
2017-01-09T22:00:00,-0.05
2017-01-10T22:00:00,-0.01
2017-01-11T22:00:00,0.05
2017-01-12T22:00:00,0.05
2017-01-15T22:00:00,-0.28
2017-01-16T22:00:00,-0.1
2017-01-17T22:00:00,-0.82
2017-01-18T22:00:00,-0.6
2017-01-19T22:00:00,-0.11
2017-01-22T22:00:00,-0.02
2017-01-23T22:00:00,0.75
2017-01-24T22:00:00,0.34
2017-01-25T22:00:00,0.27
2017-01-26T22:00:00,-0.34
2017-01-29T22:00:00,0.06
2017-01-30T22:00:00,0.13
2017-01-31T22:00:00,-0.02
2017-02-01T22:00:00,0.11
2017-02-02T22:00:00,-0.07
2017-02-05T22:00:00,-0.41
2017-02-06T22:00:00,-0.43
2017-02-07T22:00:00,0.18
2017-02-08T22:00:00,0.41
2017-02-09T22:00:00,0.36
2017-02-12T22:00:00,0.26
2017-02-13T22:00:00,0.07
2017-02-14T22:00:00,-0.24
2017-02-15T22:00:00,-0.17
2017-02-16T22:00:00,0.07
2017-02-19T22:00:00,-0.09
2017-02-20T22:00:00,-0.0
2017-02-21T22:00:00,-0.31
2017-02-22T22:00:00,0.07
2017-02-23T22:00:00,0.23
2017-02-26T22:00:00,-0.46
2017-02-27T22:00:00,-0.78
2017-02-28T22:00:00,0.12
2017-03-01T22:00:00,0.03
2017-03-02T22:00:00,-0.16
2017-03-05T22:00:00,-0.03
2017-03-06T22:00:00,0.08
2017-03-07T22:00:00,-0.25
2017-03-08T22:00:00,-0.06
2017-03-09T22:00:00,-0.0
2017-03-12T21:00:00,0.02
2017-03-13T21:00:00,-0.08
2017-03-14T21:00:00,0.25
2017-03-15T21:00:00,-0.09
2017-03-16T21:00:00,-0.31
2017-03-19T21:00:00,-0.15
2017-03-20T21:00:00,-0.19
2017-03-21T21:00:00,0.11
2017-03-22T21:00:00,-0.06
2017-03-23T21:00:00,-0.13
2017-03-26T21:00:00,-0.25
2017-03-27T21:00:00,0.25
2017-03-28T21:00:00,0.36
2017-03-29T21:00:00,0.24
2017-03-30T21:00:00,0.08
2017-04-02T21:00:00,-0.48
2017-04-03T21:00:00,0.01
2017-04-04T21:00:00,-0.2
2017-04-05T21:00:00,0.21
2017-04-06T21:00:00,0.38
2017-04-09T21:00:00,0.43
2017-04-10T21:00:00,-0.2
2017-04-11T21:00:00,0.21
2017-04-12T21:00:00,-0.53
2017-04-13T21:00:00,-0.09
2017-04-16T21:00:00,-0.06
2017-04-17T21:00:00,-0.88
2017-04-18T21:00:00,-0.4
2017-04-19T21:00:00,0.04
2017-04-20T21:00:00,-0.29
2017-04-23T21:00:00,-0.12
2017-04-24T21:00:00,-0.27
2017-04-25T21:00:00,-0.13
2017-04-26T21:00:00,-0.05
2017-04-27T21:00:00,-0.18
2017-04-30T21:00:00,-0.13
2017-05-01T21:00:00,-0.38
2017-05-02T21:00:00,0.31
2017-05-03T21:00:00,-0.36
2017-05-04T21:00:00,0.58
2017-05-07T21:00:00,0.06
2017-05-08T21:00:00,0.13
2017-05-09T21:00:00,0.37
2017-05-10T21:00:00,-0.17
2017-05-11T21:00:00,-0.33
2017-05-14T21:00:00,0.28
2017-05-15T21:00:00,-0.15
2017-05-16T21:00:00,-0.48
2017-05-17T21:00:00,0.22
2017-05-18T21:00:00,0.21
2017-05-21T21:00:00,-0.03
2017-05-22T21:00:00,0.07
2017-05-23T21:00:00,0.5
2017-05-24T21:00:00,-0.33
2017-05-25T21:00:00,0.26
2017-05-28T21:00:00,0.0
2017-05-29T21:00:00,-0.23
2017-05-30T21:00:00,-0.38
2017-05-31T21:00:00,0.16
2017-06-01T21:00:00,-0.26
2017-06-04T21:00:00,0.03
2017-06-05T21:00:00,-0.15
2017-06-06T21:00:00,-0.37
2017-06-07T21:00:00,0.08
2017-06-08T21:00:00,0.53
2017-06-11T21:00:00,0.93
2017-06-12T21:00:00,0.44
2017-06-13T21:00:00,-0.25
2017-06-14T21:00:00,0.23
2017-06-15T21:00:00,0.16
2017-06-18T21:00:00,0.22
2017-06-19T21:00:00,-0.22
2017-06-20T21:00:00,-0.49
2017-06-21T21:00:00,0.63
2017-06-22T21:00:00,-0.45
2017-06-25T21:00:00,0.2
2017-06-26T21:00:00,0.02
2017-06-27T21:00:00,0.8
2017-06-28T21:00:00,0.03
2017-06-29T21:00:00,0.26
2017-07-02T21:00:00,0.15
2017-07-03T21:00:00,0.64
2017-07-04T21:00:00,-0.2
2017-07-05T21:00:00,-0.22
2017-07-06T21:00:00,0.85
2017-07-09T21:00:00,-0.0
2017-07-10T21:00:00,-0.24
2017-07-11T21:00:00,0.99
2017-07-12T21:00:00,0.02
2017-07-13T21:00:00,0.07
2017-07-16T21:00:00,-0.26
2017-07-17T21:00:00,0.09
2017-07-18T21:00:00,0.17
2017-07-19T21:00:00,-0.08
2017-07-20T21:00:00,0.1
2017-07-23T21:00:00,0.2
2017-07-24T21:00:00,0.16
2017-07-25T21:00:00,-0.03
2017-07-26T21:00:00,-0.43
2017-07-27T21:00:00,0.68
2017-07-30T21:00:00,-0.52
2017-07-31T21:00:00,-0.29
2017-08-01T21:00:00,-0.11
2017-08-02T21:00:00,-0.12
2017-08-03T21:00:00,-0.18
2017-08-06T21:00:00,-0.1
2017-08-07T21:00:00,0.15
2017-08-08T21:00:00,-0.36
2017-08-09T21:00:00,-0.28
2017-08-10T21:00:00,0.26
2017-08-13T21:00:00,-0.03
2017-08-14T21:00:00,0.11
2017-08-15T21:00:00,0.57
2017-08-16T21:00:00,-0.36
2017-08-17T21:00:00,0.51
2017-08-20T21:00:00,-0.1
2017-08-21T21:00:00,0.32
2017-08-22T21:00:00,0.06
2017-08-23T21:00:00,0.32
2017-08-24T21:00:00,-0.14
2017-08-27T21:00:00,-0.3
2017-08-28T21:00:00,0.07
2017-08-29T21:00:00,-0.4
2017-08-30T21:00:00,0.86
2017-08-31T21:00:00,0.76
2017-09-03T21:00:00,0.06
2017-09-04T21:00:00,-0.11
2017-09-05T21:00:00,1.16
2017-09-06T21:00:00,0.34
2017-09-07T21:00:00,-0.54
2017-09-10T21:00:00,0.73
2017-09-11T21:00:00,-0.56
2017-09-12T21:00:00,0.39
2017-09-13T21:00:00,-0.16
2017-09-14T21:00:00,-0.53
2017-09-17T21:00:00,-0.6
2017-09-18T21:00:00,-0.18
2017-09-19T21:00:00,-0.08
2017-09-20T21:00:00,0.13
2017-09-21T21:00:00,-0.18
2017-09-24T21:00:00,-0.18
2017-09-25T21:00:00,0.49
2017-09-26T21:00:00,-0.67
2017-09-27T21:00:00,0.15
2017-09-28T21:00:00,-0.25
2017-10-01T21:00:00,0.1
2017-10-02T21:00:00,0.23
2017-10-03T21:00:00,-0.0
2017-10-04T21:00:00,-0.29
2017-10-05T21:00:00,0.3
2017-10-06T21:00:00,0.0
2017-10-08T21:00:00,-0.17
2017-10-09T21:00:00,-0.02
2017-10-10T21:00:00,0.29
2017-10-11T21:00:00,-0.25
2017-10-12T21:00:00,-0.16
2017-10-15T21:00:00,-0.14
2017-10-16T21:00:00,0.1
2017-10-17T21:00:00,0.51
2017-10-18T21:00:00,-0.11
2017-10-19T21:00:00,-0.59
2017-10-20T21:00:00,0.0
2017-10-22T21:00:00,-0.21
2017-10-23T21:00:00,0.08
2017-10-24T21:00:00,-0.94
2017-10-25T21:00:00,0.12
2017-10-26T21:00:00,0.21
2017-10-29T21:00:00,-0.34
2017-10-30T21:00:00,-0.28
2017-10-31T21:00:00,0.23
2017-11-01T21:00:00,0.36
2017-11-02T21:00:00,0.51
2017-11-05T22:00:00,0.18
2017-11-06T22:00:00,-0.3
2017-11-07T22:00:00,0.22
2017-11-08T22:00:00,0.15
2017-11-09T22:00:00,0.02
2017-11-12T22:00:00,-0.2
2017-11-13T22:00:00,-0.23
2017-11-14T22:00:00,-0.25
2017-11-15T22:00:00,0.16
2017-11-16T22:00:00,-0.16
2017-11-19T22:00:00,-0.22
2017-11-20T22:00:00,0.16
2017-11-21T22:00:00,0.08
2017-11-22T22:00:00,-0.18
2017-11-23T22:00:00,-0.02
2017-11-26T22:00:00,-0.46
2017-11-27T22:00:00,-0.21
2017-11-28T22:00:00,-0.27
2017-11-29T22:00:00,-0.21
2017-11-30T22:00:00,1.26
2017-12-03T22:00:00,0.17
2017-12-04T22:00:00,-0.02
2017-12-05T22:00:00,-0.56
2017-12-06T22:00:00,-0.23
2017-12-07T22:00:00,0.11
2017-12-10T22:00:00,-0.12
2017-12-11T22:00:00,-0.11
2017-12-12T22:00:00,-0.21
2017-12-13T22:00:00,0.2
2017-12-14T22:00:00,-0.31
2017-12-17T22:00:00,-0.12
2017-12-18T22:00:00,-0.12
2017-12-19T22:00:00,0.28
2017-12-20T22:00:00,0.58
2017-12-21T22:00:00,0.14
2017-12-25T22:00:00,0.24
2017-12-26T22:00:00,0.03
2017-12-27T22:00:00,0.36
2017-12-28T22:00:00,-0.26
2018-01-01T22:00:00,-0.03
2018-01-02T22:00:00,0.03
2018-01-03T22:00:00,0.16
2018-01-04T22:00:00,0.56
2018-01-07T22:00:00,0.08
2018-01-08T22:00:00,-0.17
2018-01-09T22:00:00,-0.84
2018-01-10T22:00:00,-0.12
2018-01-11T22:00:00,-0.03
2018-01-14T22:00:00,-0.14
2018-01-15T22:00:00,-0.04
2018-01-16T22:00:00,0.14
2018-01-17T22:00:00,-0.1
2018-01-18T22:00:00,-0.44
2018-01-21T22:00:00,0.13
2018-01-22T22:00:00,0.04
2018-01-23T22:00:00,-0.09
2018-01-24T22:00:00,-0.11
2018-01-25T22:00:00,0.1
2018-01-28T22:00:00,0.03
2018-01-29T22:00:00,-0.1
2018-01-30T22:00:00,0.09
2018-01-31T22:00:00,0.14
2018-02-01T22:00:00,-0.51
2018-02-04T22:00:00,-0.6
2018-02-05T22:00:00,0.23
2018-02-06T22:00:00,-0.06
2018-02-07T22:00:00,-0.3
2018-02-08T22:00:00,0.13
2018-02-11T22:00:00,-0.12
2018-02-12T22:00:00,-0.32
2018-02-13T22:00:00,0.14
2018-02-14T22:00:00,-0.29
2018-02-15T22:00:00,-0.21
2018-02-18T22:00:00,0.04
2018-02-19T22:00:00,-0.29
2018-02-20T22:00:00,-0.05
2018-02-21T22:00:00,-0.37
2018-02-22T22:00:00,0.63
2018-02-25T22:00:00,-0.38
2018-02-26T22:00:00,-0.27
2018-02-27T22:00:00,-0.18
2018-02-28T22:00:00,-0.27
2018-03-01T22:00:00,-0.52
2018-03-04T22:00:00,-0.53
2018-03-05T22:00:00,0.38
2018-03-06T22:00:00,-0.23
2018-03-07T22:00:00,0.42
2018-03-08T22:00:00,0.5
2018-03-11T21:00:00,-0.39
2018-03-12T21:00:00,-1.0
2018-03-13T21:00:00,0.02
2018-03-14T21:00:00,-0.34
2018-03-15T21:00:00,-0.11
2018-03-18T21:00:00,-0.05
2018-03-19T21:00:00,0.38
2018-03-20T21:00:00,0.66
2018-03-21T21:00:00,-0.1
2018-03-22T21:00:00,0.08
2018-03-25T21:00:00,0.08
2018-03-26T21:00:00,-0.1
2018-03-27T21:00:00,0.23
2018-03-28T21:00:00,0.2
2018-03-29T21:00:00,-0.16
2018-04-01T21:00:00,-0.03
2018-04-02T21:00:00,0.78
2018-04-03T21:00:00,0.19
2018-04-04T21:00:00,0.43
2018-04-05T21:00:00,-0.39
2018-04-08T21:00:00,0.32
2018-04-09T21:00:00,0.53
2018-04-10T21:00:00,0.12
2018-04-11T21:00:00,0.02
2018-04-12T21:00:00,-0.16
2018-04-15T21:00:00,0.03
2018-04-16T21:00:00,0.28
2018-04-17T21:00:00,-0.45
2018-04-18T21:00:00,0.0
2018-04-19T21:00:00,-0.3
2018-04-22T21:00:00,-0.2
2018-04-23T21:00:00,0.09
2018-04-24T21:00:00,0.26
2018-04-25T21:00:00,-0.08
2018-04-26T21:00:00,0.23
2018-04-29T21:00:00,0.2
2018-04-30T21:00:00,0.39
2018-05-01T21:00:00,-0.12
2018-05-02T21:00:00,-0.04
2018-05-03T21:00:00,0.14
2018-05-06T21:00:00,-0.14
2018-05-07T21:00:00,-0.23
2018-05-08T21:00:00,0.78
2018-05-09T21:00:00,0.4
2018-05-10T21:00:00,-0.29
2018-05-13T21:00:00,-0.07
2018-05-14T21:00:00,-0.09
2018-05-15T21:00:00,0.48
2018-05-16T21:00:00,-0.03
2018-05-17T21:00:00,-0.59
2018-05-20T21:00:00,0.5
2018-05-21T21:00:00,-0.23
2018-05-22T21:00:00,0.06
2018-05-23T21:00:00,-0.55
2018-05-24T21:00:00,-0.47
2018-05-27T21:00:00,-0.16
2018-05-28T21:00:00,-0.01
2018-05-29T21:00:00,0.59
2018-05-30T21:00:00,-0.65
2018-05-31T21:00:00,0.14
2018-06-03T21:00:00,-0.01
2018-06-04T21:00:00,-0.31
2018-06-05T21:00:00,0.05
2018-06-06T21:00:00,-0.25
2018-06-07T21:00:00,0.45
2018-06-10T21:00:00,0.21
2018-06-11T21:00:00,-0.06
2018-06-12T21:00:00,0.12
2018-06-13T21:00:00,-0.14
2018-06-14T21:00:00,-0.43
2018-06-17T21:00:00,-0.13
2018-06-18T21:00:00,-0.41
2018-06-19T21:00:00,-0.05
2018-06-20T21:00:00,-0.2
2018-06-21T21:00:00,0.08
2018-06-24T21:00:00,-0.14
2018-06-25T21:00:00,0.19
2018-06-26T21:00:00,0.18
2018-06-27T21:00:00,0.67
2018-06-28T21:00:00,0.44
2018-07-01T21:00:00,0.13
2018-07-02T21:00:00,0.1
2018-07-03T21:00:00,-0.05
2018-07-04T21:00:00,0.02
2018-07-05T21:00:00,-0.01
2018-07-08T21:00:00,-0.09
2018-07-09T21:00:00,0.03
2018-07-10T21:00:00,-0.12
2018-07-11T21:00:00,0.41
2018-07-12T21:00:00,-0.04
2018-07-15T21:00:00,0.07
2018-07-16T21:00:00,-0.08
2018-07-17T21:00:00,0.19
2018-07-18T21:00:00,-0.49
2018-07-19T21:00:00,0.33
2018-07-22T21:00:00,-0.12
2018-07-23T21:00:00,-0.01
2018-07-24T21:00:00,0.5
2018-07-25T21:00:00,0.19
2018-07-26T21:00:00,0.04
2018-07-29T21:00:00,-0.03
2018-07-30T21:00:00,0.28
2018-07-31T21:00:00,0.16
2018-08-01T21:00:00,0.24
2018-08-02T21:00:00,0.11
2018-08-05T21:00:00,0.11
2018-08-06T21:00:00,-0.46
2018-08-07T21:00:00,0.16
2018-08-08T21:00:00,0.22
2018-08-09T21:00:00,-0.29
2018-08-12T21:00:00,0.22
2018-08-13T21:00:00,0.72
2018-08-14T21:00:00,-0.53
2018-08-15T21:00:00,-0.19
2018-08-16T21:00:00,0.36
2018-08-19T21:00:00,-0.08
2018-08-20T21:00:00,-0.29
2018-08-21T21:00:00,0.27
2018-08-22T21:00:00,-0.09
2018-08-23T21:00:00,0.01
2018-08-26T21:00:00,0.13
2018-08-27T21:00:00,0.25
2018-08-28T21:00:00,0.03
2018-08-29T21:00:00,-0.35
2018-08-30T21:00:00,-0.14
2018-09-02T21:00:00,-0.13
2018-09-03T21:00:00,-0.35
2018-09-04T21:00:00,-0.15
2018-09-05T21:00:00,0.07
2018-09-06T21:00:00,0.24
2018-09-09T21:00:00,-0.04
2018-09-10T21:00:00,0.6
2018-09-11T21:00:00,0.23
2018-09-12T21:00:00,-0.16
2018-09-13T21:00:00,-0.01
2018-09-16T21:00:00,-0.3
2018-09-17T21:00:00,0.45
2018-09-18T21:00:00,0.33
2018-09-19T21:00:00,-0.32
2018-09-20T21:00:00,0.07
2018-09-23T21:00:00,-0.06
2018-09-24T21:00:00,-0.03
2018-09-25T21:00:00,-0.46
2018-09-26T21:00:00,0.32
2018-09-27T21:00:00,1.04
2018-09-30T21:00:00,0.42
2018-10-01T21:00:00,0.06
2018-10-02T21:00:00,0.24
2018-10-03T21:00:00,-0.45
2018-10-04T21:00:00,-0.1
2018-10-07T21:00:00,-0.13
2018-10-08T21:00:00,-0.04
2018-10-09T21:00:00,-0.87
2018-10-10T21:00:00,-0.18
2018-10-11T21:00:00,0.23
2018-10-14T21:00:00,-0.06
2018-10-15T21:00:00,0.37
2018-10-16T21:00:00,-0.3
2018-10-17T21:00:00,-0.31
2018-10-18T21:00:00,-0.31
2018-10-21T21:00:00,0.26
2018-10-22T21:00:00,0.03
2018-10-23T21:00:00,0.45
2018-10-24T21:00:00,-0.03
2018-10-25T21:00:00,-0.37
2018-10-28T21:00:00,-0.05
2018-10-29T21:00:00,0.24
2018-10-30T21:00:00,-0.23
2018-10-31T21:00:00,-0.35
2018-11-01T21:00:00,-0.08
2018-11-04T22:00:00,-0.2
2018-11-05T22:00:00,-0.33
2018-11-06T22:00:00,-0.07
2018-11-07T22:00:00,0.01
2018-11-08T22:00:00,-0.22
2018-11-11T22:00:00,0.03
2018-11-12T22:00:00,-0.32
2018-11-13T22:00:00,-0.17
2018-11-14T22:00:00,0.46
2018-11-15T22:00:00,-0.2
2018-11-18T22:00:00,-0.19
2018-11-19T22:00:00,-0.57
2018-11-20T22:00:00,0.35
2018-11-21T22:00:00,0.22
2018-11-22T22:00:00,-0.1
2018-11-25T22:00:00,-0.08
2018-11-26T22:00:00,-0.2
2018-11-27T22:00:00,-0.33
2018-11-28T22:00:00,-0.08
2018-11-29T22:00:00,0.1
2018-12-02T22:00:00,0.28
2018-12-03T22:00:00,-0.5
2018-12-04T22:00:00,-0.44
2018-12-05T22:00:00,-0.24
2018-12-06T22:00:00,0.5
2018-12-09T22:00:00,-0.19
2018-12-10T22:00:00,0.17
2018-12-11T22:00:00,0.09
2018-12-12T22:00:00,-0.02
2018-12-13T22:00:00,0.11
2018-12-16T22:00:00,-0.33
2018-12-17T22:00:00,-0.54
2018-12-18T22:00:00,0.18
2018-12-19T22:00:00,-0.42
2018-12-20T22:00:00,-0.26
2018-12-23T22:00:00,-0.25
2018-12-25T22:00:00,0.42
2018-12-26T22:00:00,-0.4
2018-12-27T22:00:00,-0.36
2018-12-30T22:00:00,-0.22
2019-01-01T22:00:00,0.82
2019-01-02T22:00:00,0.33
2019-01-03T22:00:00,0.53
2019-01-06T22:00:00,0.29
2019-01-07T22:00:00,0.34
2019-01-08T22:00:00,0.01
2019-01-09T22:00:00,0.03
2019-01-10T22:00:00,-0.37
2019-01-13T22:00:00,-0.2
2019-01-14T22:00:00,0.32
2019-01-15T22:00:00,0.24
2019-01-16T22:00:00,-0.18
2019-01-17T22:00:00,0.38
2019-01-20T22:00:00,-0.14
2019-01-21T22:00:00,-0.44
2019-01-22T22:00:00,-0.13
2019-01-23T22:00:00,0.15
2019-01-24T22:00:00,0.38
2019-01-27T22:00:00,-0.29
2019-01-28T22:00:00,0.05
2019-01-29T22:00:00,0.46
2019-01-30T22:00:00,0.11
2019-01-31T22:00:00,0.35
2019-02-03T22:00:00,0.08
2019-02-04T22:00:00,-0.0
2019-02-05T22:00:00,-0.11
2019-02-06T22:00:00,-0.6
2019-02-07T22:00:00,0.18
2019-02-10T22:00:00,0.06
2019-02-11T22:00:00,0.32
2019-02-12T22:00:00,-0.01
2019-02-13T22:00:00,-0.46
2019-02-14T22:00:00,0.16
2019-02-17T22:00:00,0.09
2019-02-18T22:00:00,-0.1
2019-02-19T22:00:00,0.33
2019-02-20T22:00:00,-0.19
2019-02-21T22:00:00,0.49
2019-02-24T22:00:00,-0.43
2019-02-25T22:00:00,-0.08
2019-02-26T22:00:00,0.24
2019-02-27T22:00:00,0.04
2019-02-28T22:00:00,-0.7
2019-03-03T22:00:00,-0.05
2019-03-04T22:00:00,-0.18
2019-03-05T22:00:00,-0.47
2019-03-06T22:00:00,0.19
2019-03-07T22:00:00,0.05
2019-03-10T21:00:00,-0.07
2019-03-11T21:00:00,0.2
2019-03-12T21:00:00,0.04
2019-03-13T21:00:00,0.03
2019-03-14T21:00:00,-0.19
2019-03-17T21:00:00,-0.06
2019-03-18T21:00:00,0.05
2019-03-19T21:00:00,-0.12
2019-03-20T21:00:00,-0.28
2019-03-21T21:00:00,-0.39
2019-03-24T21:00:00,0.03
2019-03-25T21:00:00,0.25
2019-03-26T21:00:00,0.07
2019-03-27T21:00:00,0.0
2019-03-28T21:00:00,0.57
2019-03-31T21:00:00,0.35
2019-04-01T21:00:00,-0.13
2019-04-02T21:00:00,-0.18
2019-04-03T21:00:00,0.05
2019-04-04T21:00:00,-0.07
2019-04-07T21:00:00,0.35
2019-04-08T21:00:00,-0.13
2019-04-09T21:00:00,-0.09
2019-04-10T21:00:00,-0.18
2019-04-11T21:00:00,0.24
2019-04-14T21:00:00,-0.2
2019-04-15T21:00:00,0.24
2019-04-16T21:00:00,0.13
2019-04-17T21:00:00,0.02
2019-04-18T21:00:00,-0.14
2019-04-21T21:00:00,0.33
2019-04-22T21:00:00,-0.32
2019-04-23T21:00:00,-0.12
2019-04-24T21:00:00,-0.02
2019-04-25T21:00:00,0.06
2019-04-28T21:00:00,-0.07
2019-04-29T21:00:00,0.3
2019-04-30T21:00:00,-0.2
2019-05-01T21:00:00,-0.15
2019-05-02T21:00:00,0.03
2019-05-05T21:00:00,0.1
2019-05-06T21:00:00,-0.18
2019-05-07T21:00:00,0.07
2019-05-08T21:00:00,-0.1
2019-05-09T21:00:00,0.33
2019-05-12T21:00:00,-0.26
2019-05-13T21:00:00,0.19
2019-05-14T21:00:00,0.26
2019-05-15T21:00:00,0.07
2019-05-16T21:00:00,0.21
2019-05-19T21:00:00,0.08
2019-05-20T21:00:00,0.33
2019-05-21T21:00:00,-0.16
2019-05-22T21:00:00,-0.47
2019-05-23T21:00:00,0.01
2019-05-26T21:00:00,0.1
2019-05-27T21:00:00,-0.22
2019-05-28T21:00:00,-0.05
2019-05-29T21:00:00,0.14
2019-05-30T21:00:00,-0.44
2019-06-02T21:00:00,0.09
2019-06-03T21:00:00,0.25
2019-06-04T21:00:00,-0.04
2019-06-05T21:00:00,0.23
2019-06-06T21:00:00,0.41
2019-06-09T21:00:00,0.05
2019-06-10T21:00:00,-0.11
2019-06-11T21:00:00,-0.25
2019-06-12T21:00:00,0.14
2019-06-13T21:00:00,-0.18
2019-06-16T21:00:00,0.07
2019-06-17T21:00:00,0.13
2019-06-18T21:00:00,0.43
2019-06-19T21:00:00,0.09
2019-06-20T21:00:00,-0.37
2019-06-23T21:00:00,0.05
2019-06-24T21:00:00,0.17
2019-06-25T21:00:00,0.27
2019-06-26T21:00:00,0.15
2019-06-27T21:00:00,-0.06
2019-06-30T21:00:00,0.04
2019-07-01T21:00:00,0.12
2019-07-02T21:00:00,0.26
2019-07-03T21:00:00,0.05
2019-07-04T21:00:00,0.23
2019-07-07T21:00:00,-0.07
2019-07-08T21:00:00,-0.07
2019-07-09T21:00:00,0.06
2019-07-10T21:00:00,0.03
2019-07-11T21:00:00,0.04
2019-07-14T21:00:00,-0.15
2019-07-15T21:00:00,-0.01
2019-07-16T21:00:00,0.12
2019-07-17T21:00:00,-0.29
2019-07-18T21:00:00,0.01
2019-07-21T21:00:00,-0.35
2019-07-22T21:00:00,0.21
2019-07-23T21:00:00,-0.05
2019-07-24T21:00:00,0.09
2019-07-25T21:00:00,0.2
2019-07-28T21:00:00,0.17
2019-07-29T21:00:00,0.16
2019-07-30T21:00:00,0.0
2019-07-31T21:00:00,-0.22
2019-08-01T21:00:00,-0.12
2019-08-04T21:00:00,-0.08
2019-08-05T21:00:00,-0.49
2019-08-06T21:00:00,-0.05
2019-08-07T21:00:00,0.39
2019-08-08T21:00:00,0.14
2019-08-11T21:00:00,-0.25
2019-08-12T21:00:00,0.26
2019-08-13T21:00:00,-0.57
2019-08-14T21:00:00,0.01
2019-08-15T21:00:00,0.33
2019-08-18T21:00:00,-0.18
2019-08-19T21:00:00,-0.14
2019-08-20T21:00:00,0.33
2019-08-21T21:00:00,-0.1
2019-08-22T21:00:00,-0.21
2019-08-25T21:00:00,0.45
2019-08-26T21:00:00,-0.18
2019-08-27T21:00:00,0.01
2019-08-28T21:00:00,0.31
2019-08-29T21:00:00,-0.07
2019-09-01T21:00:00,0.1
2019-09-02T21:00:00,-0.27
2019-09-03T21:00:00,0.4
2019-09-04T21:00:00,-0.04
2019-09-05T21:00:00,0.32
2019-09-08T21:00:00,-0.0
2019-09-09T21:00:00,0.14
2019-09-10T21:00:00,-0.21
2019-09-11T21:00:00,-0.21
2019-09-12T21:00:00,-0.68
2019-09-15T21:00:00,0.15
2019-09-16T21:00:00,-0.17
2019-09-17T21:00:00,-0.0
2019-09-18T21:00:00,0.13
2019-09-19T21:00:00,0.12
2019-09-22T21:00:00,-0.04
2019-09-23T21:00:00,-0.16
2019-09-24T21:00:00,0.32
2019-09-25T21:00:00,0.04
2019-09-26T21:00:00,0.11
2019-09-29T21:00:00,0.18
2019-09-30T21:00:00,0.13
2019-10-01T21:00:00,-0.76
2019-10-02T21:00:00,-0.24
2019-10-03T21:00:00,0.05
2019-10-06T21:00:00,0.28
2019-10-07T21:00:00,-0.06
2019-10-08T21:00:00,0.02
2019-10-09T21:00:00,-0.05
2019-10-10T21:00:00,0.35
2019-10-13T21:00:00,-0.14
2019-10-14T21:00:00,0.17
2019-10-15T21:00:00,-0.14
2019-10-16T21:00:00,0.05
2019-10-17T21:00:00,-0.21
2019-10-20T21:00:00,0.25
2019-10-21T21:00:00,0.11
2019-10-22T21:00:00,0.14
2019-10-23T21:00:00,0.21
2019-10-24T21:00:00,0.2
2019-10-27T21:00:00,-0.01
2019-10-28T21:00:00,-0.3
2019-10-29T21:00:00,-0.71
2019-10-30T21:00:00,-0.19
2019-10-31T21:00:00,0.08
2019-11-03T22:00:00,0.14
2019-11-04T22:00:00,0.13
2019-11-05T22:00:00,-0.14
2019-11-06T22:00:00,0.13
2019-11-07T22:00:00,-0.16
2019-11-10T22:00:00,-0.19
2019-11-11T22:00:00,0.09
2019-11-12T22:00:00,-0.29
2019-11-13T22:00:00,0.05
2019-11-14T22:00:00,0.09
2019-11-17T22:00:00,0.11
2019-11-18T22:00:00,-0.47
2019-11-19T22:00:00,-0.16
2019-11-20T22:00:00,0.22
2019-11-21T22:00:00,0.03
2019-11-24T22:00:00,-0.01
2019-11-25T22:00:00,0.22
2019-11-26T22:00:00,0.01
2019-11-27T22:00:00,0.02
2019-11-28T22:00:00,0.02
2019-12-01T22:00:00,-0.63
2019-12-02T22:00:00,-0.16
2019-12-03T22:00:00,0.56
2019-12-04T22:00:00,0.07
2019-12-05T22:00:00,-0.49
2019-12-08T22:00:00,0.12
2019-12-09T22:00:00,0.01
2019-12-10T22:00:00,0.1
2019-12-11T22:00:00,-0.05
2019-12-12T22:00:00,0.16
2019-12-15T22:00:00,0.13
2019-12-16T22:00:00,0.18
2019-12-17T22:00:00,0.36
2019-12-18T22:00:00,-0.13
2019-12-19T22:00:00,-0.1
2019-12-22T22:00:00,-0.06
2019-12-23T22:00:00,-0.14
2019-12-25T22:00:00,0.24
2019-12-26T22:00:00,-0.12
2019-12-29T22:00:00,-0.2
2019-12-30T22:00:00,0.31
2020-01-01T22:00:00,0.3
2020-01-02T22:00:00,0.03
2020-01-05T22:00:00,0.07
2020-01-06T22:00:00,0.01
2020-01-07T22:00:00,-0.08
2020-01-08T22:00:00,-0.0
2020-01-09T22:00:00,-0.1
2020-01-12T22:00:00,0.05
2020-01-13T22:00:00,-0.06
2020-01-14T22:00:00,0.04
2020-01-15T22:00:00,0.01
2020-01-16T22:00:00,0.02
2020-01-19T22:00:00,0.09
2020-01-20T22:00:00,-0.12
2020-01-21T22:00:00,-0.53
2020-01-22T22:00:00,0.06
2020-01-23T22:00:00,-0.0
2020-01-26T22:00:00,-0.07
2020-01-27T22:00:00,0.36
2020-01-28T22:00:00,-0.22
2020-01-29T22:00:00,-0.09
2020-01-30T22:00:00,-0.36
2020-02-02T22:00:00,-0.07
2020-02-03T22:00:00,0.07
2020-02-04T22:00:00,0.2
2020-02-05T22:00:00,0.18
2020-02-06T22:00:00,0.13
2020-02-09T22:00:00,-0.06
2020-02-10T22:00:00,0.07
2020-02-11T22:00:00,0.23
2020-02-12T22:00:00,-0.07
2020-02-13T22:00:00,0.17
2020-02-16T22:00:00,0.17
2020-02-17T22:00:00,0.04
2020-02-18T22:00:00,0.5
2020-02-19T22:00:00,0.1
2020-02-20T22:00:00,-0.04
2020-02-23T22:00:00,-0.43
2020-02-24T22:00:00,-0.04
2020-02-25T22:00:00,-0.13
2020-02-26T22:00:00,-0.74
2020-02-27T22:00:00,0.0
2020-03-01T22:00:00,0.52
2020-03-02T22:00:00,-0.76
2020-03-03T22:00:00,-0.11
2020-03-04T22:00:00,-0.56
2020-03-05T22:00:00,-0.52
2020-03-08T21:00:00,-1.7
2020-03-09T21:00:00,0.91
2020-03-10T21:00:00,-0.32
2020-03-11T21:00:00,0.18
2020-03-12T21:00:00,1.39
2020-03-15T21:00:00,-0.94
2020-03-16T21:00:00,-0.09
2020-03-17T21:00:00,-0.53
2020-03-18T21:00:00,0.93
2020-03-19T21:00:00,0.66
2020-03-22T21:00:00,-0.74
2020-03-23T21:00:00,-0.59
2020-03-24T21:00:00,1.44
2020-03-25T21:00:00,-0.08
2020-03-26T21:00:00,-0.68
2020-03-29T21:00:00,-0.83
2020-03-30T21:00:00,0.8
2020-03-31T21:00:00,-0.43
2020-04-01T21:00:00,0.54
2020-04-02T21:00:00,0.1
2020-04-05T21:00:00,0.65
2020-04-06T21:00:00,0.18
2020-04-07T21:00:00,-0.24
2020-04-08T21:00:00,-0.32
2020-04-09T21:00:00,0.07
2020-04-12T21:00:00,0.04
2020-04-13T21:00:00,-0.28
2020-04-14T21:00:00,-0.82
2020-04-15T21:00:00,0.46
2020-04-16T21:00:00,0.18
2020-04-19T21:00:00,-0.71
2020-04-20T21:00:00,0.03
2020-04-21T21:00:00,0.26
2020-04-22T21:00:00,0.43
2020-04-23T21:00:00,-0.31
2020-04-26T21:00:00,0.12
2020-04-27T21:00:00,0.12
2020-04-28T21:00:00,0.38
2020-04-29T21:00:00,-0.56
2020-04-30T21:00:00,-0.66
2020-05-03T21:00:00,0.1
2020-05-04T21:00:00,0.36
2020-05-05T21:00:00,-0.36
2020-05-06T21:00:00,0.72
2020-05-07T21:00:00,0.13
2020-05-10T21:00:00,-0.06
2020-05-11T21:00:00,-0.45
2020-05-12T21:00:00,0.11
2020-05-13T21:00:00,0.37
2020-05-14T21:00:00,-0.13
2020-05-17T21:00:00,0.45
2020-05-18T21:00:00,-0.13
2020-05-19T21:00:00,-0.07
2020-05-20T21:00:00,-0.1
2020-05-21T21:00:00,-0.07
2020-05-24T21:00:00,0.0
2020-05-25T21:00:00,0.69
2020-05-26T21:00:00,0.33
2020-05-27T21:00:00,-0.33
2020-05-28T21:00:00,-0.18
2020-05-31T21:00:00,0.77
2020-06-01T21:00:00,0.09
2020-06-02T21:00:00,-0.05
2020-06-03T21:00:00,-0.26
2020-06-04T21:00:00,0.5
2020-06-07T21:00:00,-0.18
2020-06-08T21:00:00,-0.26
2020-06-09T21:00:00,-0.25
2020-06-10T21:00:00,-0.84
2020-06-11T21:00:00,0.44
2020-06-14T21:00:00,-0.15
2020-06-15T21:00:00,0.39
2020-06-16T21:00:00,-0.19
2020-06-17T21:00:00,0.02
2020-06-18T21:00:00,0.12
2020-06-21T21:00:00,0.08
2020-06-22T21:00:00,-0.39
2020-06-23T21:00:00,-0.15
2020-06-24T21:00:00,-0.04
2020-06-25T21:00:00,-0.22
2020-06-28T21:00:00,0.2
2020-06-29T21:00:00,0.35
2020-06-30T21:00:00,-0.26
2020-07-01T21:00:00,0.1
2020-07-02T21:00:00,0.02
2020-07-05T21:00:00,-0.08
2020-07-06T21:00:00,-0.37
2020-07-07T21:00:00,0.32
2020-07-08T21:00:00,-0.4
2020-07-09T21:00:00,-0.06
2020-07-12T21:00:00,0.01
2020-07-13T21:00:00,-0.14
2020-07-14T21:00:00,0.58
2020-07-15T21:00:00,-0.21
2020-07-16T21:00:00,-0.26
2020-07-19T21:00:00,0.07
2020-07-20T21:00:00,-0.03
2020-07-21T21:00:00,0.22
2020-07-22T21:00:00,0.08
2020-07-23T21:00:00,-0.3
2020-07-26T21:00:00,0.05
2020-07-27T21:00:00,-0.18
2020-07-28T21:00:00,0.02
2020-07-29T21:00:00,-0.82
2020-07-30T21:00:00,0.51
2020-08-02T21:00:00,0.25
2020-08-03T21:00:00,0.29
2020-08-04T21:00:00,0.09
2020-08-05T21:00:00,-0.41
2020-08-06T21:00:00,-0.05
2020-08-09T21:00:00,0.42
2020-08-10T21:00:00,0.46
2020-08-11T21:00:00,0.3
2020-08-12T21:00:00,0.1
2020-08-13T21:00:00,-0.41
2020-08-16T21:00:00,-0.02
2020-08-17T21:00:00,-0.05
2020-08-18T21:00:00,0.19
2020-08-19T21:00:00,-0.01
2020-08-20T21:00:00,0.31
2020-08-23T21:00:00,-0.23
2020-08-24T21:00:00,0.09
2020-08-25T21:00:00,-0.07
2020-08-26T21:00:00,0.12
2020-08-27T21:00:00,-0.52
2020-08-30T21:00:00,0.31
2020-08-31T21:00:00,-0.1
2020-09-01T21:00:00,0.27
2020-09-02T21:00:00,-0.33
2020-09-03T21:00:00,0.48
2020-09-06T21:00:00,-0.13
2020-09-07T21:00:00,-0.54
2020-09-08T21:00:00,0.31
2020-09-09T21:00:00,-0.1
2020-09-10T21:00:00,-0.01
2020-09-13T21:00:00,-0.16
2020-09-14T21:00:00,-0.18
2020-09-15T21:00:00,-0.05
2020-09-16T21:00:00,-0.02
2020-09-17T21:00:00,-0.17
2020-09-20T21:00:00,-0.26
2020-09-21T21:00:00,0.38
2020-09-22T21:00:00,-0.11
2020-09-23T21:00:00,0.22
2020-09-24T21:00:00,-0.06
2020-09-27T21:00:00,-0.14
2020-09-28T21:00:00,-0.4
2020-09-29T21:00:00,0.32
2020-09-30T21:00:00,0.09
2020-10-01T21:00:00,-0.08
2020-10-04T21:00:00,0.14
2020-10-05T21:00:00,0.01
2020-10-06T21:00:00,0.28
2020-10-07T21:00:00,0.37
2020-10-08T21:00:00,0.01
2020-10-11T21:00:00,0.08
2020-10-12T21:00:00,0.16
2020-10-13T21:00:00,-0.22
2020-10-14T21:00:00,-0.16
2020-10-15T21:00:00,0.21
2020-10-18T21:00:00,-0.13
2020-10-19T21:00:00,0.42
2020-10-20T21:00:00,-0.64
2020-10-21T21:00:00,0.17
2020-10-22T21:00:00,-0.02
2020-10-25T21:00:00,-0.39
2020-10-26T21:00:00,0.08
2020-10-27T21:00:00,-0.59
2020-10-28T21:00:00,0.23
2020-10-29T21:00:00,0.07
2020-11-01T22:00:00,0.67
2020-11-02T22:00:00,0.02
2020-11-03T22:00:00,0.01
2020-11-04T22:00:00,-0.08
2020-11-05T22:00:00,-0.17
2020-11-08T22:00:00,0.59
2020-11-09T22:00:00,-0.26
2020-11-10T22:00:00,-0.18
2020-11-11T22:00:00,-0.43
2020-11-12T22:00:00,-0.17
2020-11-15T22:00:00,0.2
2020-11-16T22:00:00,-0.29
2020-11-17T22:00:00,0.03
2020-11-18T22:00:00,0.09
2020-11-19T22:00:00,-0.22
2020-11-22T22:00:00,0.11
2020-11-23T22:00:00,0.32
2020-11-24T22:00:00,-0.21
2020-11-25T22:00:00,-0.11
2020-11-26T22:00:00,0.08
2020-11-29T22:00:00,0.19
2020-11-30T22:00:00,0.04
2020-12-01T22:00:00,0.01
2020-12-02T22:00:00,0.14
2020-12-03T22:00:00,0.69
2020-12-06T22:00:00,-0.07
2020-12-07T22:00:00,-0.11
2020-12-08T22:00:00,-0.03
2020-12-09T22:00:00,0.29
2020-12-10T22:00:00,-0.08
2020-12-13T22:00:00,-0.01
2020-12-14T22:00:00,0.23
2020-12-15T22:00:00,-0.46
2020-12-16T22:00:00,-0.18
2020-12-17T22:00:00,-0.36
2020-12-20T22:00:00,-0.41
2020-12-21T22:00:00,0.03
2020-12-22T22:00:00,0.11
2020-12-23T22:00:00,-0.18
2020-12-27T22:00:00,0.22
2020-12-28T22:00:00,-0.03
2020-12-29T22:00:00,0.06
2020-12-30T22:00:00,0.26
2021-01-03T22:00:00,-0.3
2021-01-04T22:00:00,0.27
2021-01-05T22:00:00,-0.13
2021-01-06T22:00:00,0.32
2021-01-07T22:00:00,0.12
2021-01-10T22:00:00,-0.17
2021-01-11T22:00:00,0.01
2021-01-12T22:00:00,0.33
2021-01-13T22:00:00,0.22
2021-01-14T22:00:00,-0.2
2021-01-17T22:00:00,-0.08
2021-01-18T22:00:00,0.03
2021-01-19T22:00:00,0.5
2021-01-20T22:00:00,-0.27
2021-01-21T22:00:00,-0.47
2021-01-24T22:00:00,-0.15
2021-01-25T22:00:00,0.11
2021-01-26T22:00:00,-0.35
2021-01-27T22:00:00,-0.25
2021-01-28T22:00:00,0.48
2021-01-31T22:00:00,-0.17
2021-02-01T22:00:00,0.46
2021-02-02T22:00:00,0.0
2021-02-03T22:00:00,-0.01
2021-02-04T22:00:00,0.13
2021-02-07T22:00:00,0.02
2021-02-08T22:00:00,-0.05
2021-02-09T22:00:00,0.03
2021-02-10T22:00:00,-0.07
2021-02-11T22:00:00,0.07
2021-02-14T22:00:00,0.32
2021-02-15T22:00:00,-0.15
2021-02-16T22:00:00,0.12
2021-02-17T22:00:00,-0.05
2021-02-18T22:00:00,0.11
2021-02-21T22:00:00,-0.26
2021-02-22T22:00:00,0.24
2021-02-23T22:00:00,0.36
2021-02-24T22:00:00,-0.27
2021-02-25T22:00:00,-0.23
2021-02-28T22:00:00,0.57
2021-03-01T22:00:00,-0.08
2021-03-02T22:00:00,0.11
2021-03-03T22:00:00,0.42
2021-03-04T22:00:00,0.32
2021-03-07T22:00:00,0.32
2021-03-08T22:00:00,-0.27
2021-03-09T22:00:00,0.01
2021-03-10T22:00:00,0.31
2021-03-11T22:00:00,0.71
2021-03-14T21:00:00,0.02
2021-03-15T21:00:00,0.15
2021-03-16T21:00:00,-0.02
2021-03-17T21:00:00,-0.26
2021-03-18T21:00:00,-0.01
2021-03-21T21:00:00,-0.22
2021-03-22T21:00:00,0.2
2021-03-23T21:00:00,0.26
2021-03-24T21:00:00,-0.1
2021-03-25T21:00:00,0.07
2021-03-28T21:00:00,-0.04
2021-03-29T21:00:00,-0.08
2021-03-30T21:00:00,0.43
2021-03-31T21:00:00,-0.06
2021-04-01T21:00:00,-0.17
2021-04-04T21:00:00,0.06
2021-04-05T21:00:00,-0.45
2021-04-06T21:00:00,-0.07
2021-04-07T21:00:00,0.05
2021-04-08T21:00:00,0.4
2021-04-11T21:00:00,-0.23
2021-04-12T21:00:00,0.04
2021-04-13T21:00:00,-0.21
2021-04-14T21:00:00,-0.31
2021-04-15T21:00:00,0.22
2021-04-18T21:00:00,-0.63
2021-04-19T21:00:00,-0.45
2021-04-20T21:00:00,0.75
2021-04-21T21:00:00,0.13
2021-04-22T21:00:00,-0.05
2021-04-25T21:00:00,0.47
2021-04-26T21:00:00,0.1
2021-04-27T21:00:00,0.44
2021-04-28T21:00:00,0.34
2021-04-29T21:00:00,0.43
2021-05-02T21:00:00,-0.11
2021-05-03T21:00:00,0.08
2021-05-04T21:00:00,0.13
2021-05-05T21:00:00,0.68
2021-05-06T21:00:00,-0.35
2021-05-09T21:00:00,0.19
2021-05-10T21:00:00,-0.05
2021-05-11T21:00:00,0.41
2021-05-12T21:00:00,-0.32
2021-05-13T21:00:00,0.07
2021-05-16T21:00:00,0.39
2021-05-17T21:00:00,-0.32
2021-05-18T21:00:00,-0.08
2021-05-19T21:00:00,0.16
2021-05-20T21:00:00,0.13
2021-05-23T21:00:00,0.02
2021-05-24T21:00:00,-0.22
2021-05-25T21:00:00,-0.36
2021-05-26T21:00:00,0.41
2021-05-27T21:00:00,0.08
2021-05-30T21:00:00,-0.07
2021-05-31T21:00:00,-0.04
2021-06-01T21:00:00,0.32
2021-06-02T21:00:00,-0.03
2021-06-03T21:00:00,-0.25
2021-06-06T21:00:00,-0.13
2021-06-07T21:00:00,-0.1
2021-06-08T21:00:00,0.06
2021-06-09T21:00:00,-0.01
2021-06-10T21:00:00,-0.11
2021-06-13T21:00:00,0.12
2021-06-14T21:00:00,-0.26
2021-06-15T21:00:00,-0.05
2021-06-16T21:00:00,-0.19
2021-06-17T21:00:00,-0.38
2021-06-20T21:00:00,0.42
2021-06-21T21:00:00,0.33
2021-06-22T21:00:00,0.03
2021-06-23T21:00:00,-0.17
2021-06-24T21:00:00,0.19
2021-06-27T21:00:00,-0.23
2021-06-28T21:00:00,-0.23
2021-06-29T21:00:00,0.18
2021-06-30T21:00:00,-0.07
2021-07-01T21:00:00,0.55
2021-07-04T21:00:00,-0.18
2021-07-05T21:00:00,-0.7
2021-07-06T21:00:00,-0.06
2021-07-07T21:00:00,-0.42
2021-07-08T21:00:00,0.4
2021-07-11T21:00:00,0.1
2021-07-12T21:00:00,-0.14
2021-07-13T21:00:00,-0.35
2021-07-14T21:00:00,-0.37
2021-07-15T21:00:00,-0.02
2021-07-18T21:00:00,-0.78
2021-07-19T21:00:00,0.67
2021-07-20T21:00:00,0.67
2021-07-21T21:00:00,-0.13
2021-07-22T21:00:00,0.06
2021-07-25T21:00:00,-0.05
2021-07-26T21:00:00,-0.39
2021-07-27T21:00:00,0.44
2021-07-28T21:00:00,0.25
2021-07-29T21:00:00,-0.02
2021-08-01T21:00:00,-0.26
2021-08-02T21:00:00,-0.38
2021-08-03T21:00:00,0.06
2021-08-04T21:00:00,0.22
2021-08-05T21:00:00,-0.02
2021-08-08T21:00:00,0.02
2021-08-09T21:00:00,0.46
2021-08-10T21:00:00,-0.05
2021-08-11T21:00:00,0.05
2021-08-12T21:00:00,-0.29
2021-08-15T21:00:00,-0.34
2021-08-16T21:00:00,0.09
2021-08-17T21:00:00,-0.12
2021-08-18T21:00:00,-0.84
2021-08-19T21:00:00,0.02
2021-08-22T21:00:00,0.82
2021-08-23T21:00:00,0.2
2021-08-24T21:00:00,-0.02
2021-08-25T21:00:00,-0.46
2021-08-26T21:00:00,0.04
2021-08-29T21:00:00,0.21
2021-08-30T21:00:00,-0.19
2021-08-31T21:00:00,-0.18
2021-09-01T21:00:00,0.28
2021-09-02T21:00:00,-0.0
2021-09-05T21:00:00,0.1
2021-09-06T21:00:00,-0.5
2021-09-07T21:00:00,-0.22
2021-09-08T21:00:00,0.01
2021-09-09T21:00:00,-0.17
2021-09-12T21:00:00,0.31
2021-09-13T21:00:00,-0.24
2021-09-14T21:00:00,0.34
2021-09-15T21:00:00,-0.06
2021-09-16T21:00:00,-0.37
2021-09-19T21:00:00,-0.43
2021-09-20T21:00:00,0.01
2021-09-21T21:00:00,0.47
2021-09-22T21:00:00,0.56
2021-09-23T21:00:00,0.36
2021-09-26T21:00:00,0.13
2021-09-27T21:00:00,-0.0
2021-09-28T21:00:00,0.03
2021-09-29T21:00:00,0.29
2021-09-30T21:00:00,0.03
2021-10-03T21:00:00,0.22
2021-10-04T21:00:00,0.1
2021-10-05T21:00:00,0.11
2021-10-06T21:00:00,0.21
2021-10-07T21:00:00,0.56
2021-10-10T21:00:00,0.02
2021-10-11T21:00:00,0.24
2021-10-12T21:00:00,-0.18
2021-10-13T21:00:00,0.36
2021-10-14T21:00:00,-0.04
2021-10-17T21:00:00,-0.06
2021-10-18T21:00:00,-0.19
2021-10-19T21:00:00,0.09
2021-10-20T21:00:00,-0.18
2021-10-21T21:00:00,-0.02
2021-10-24T21:00:00,-0.1
2021-10-25T21:00:00,-0.01
2021-10-26T21:00:00,0.15
2021-10-27T21:00:00,-0.24
2021-10-28T21:00:00,0.07
2021-10-31T21:00:00,-0.04
2021-11-01T21:00:00,-0.01
2021-11-02T21:00:00,-0.02
2021-11-03T21:00:00,-0.14
2021-11-04T21:00:00,-0.07
2021-11-07T22:00:00,-0.17
2021-11-08T22:00:00,0.09
2021-11-09T22:00:00,0.2
2021-11-10T22:00:00,-0.42
2021-11-11T22:00:00,0.04
2021-11-14T22:00:00,0.34
2021-11-15T22:00:00,-0.01
2021-11-16T22:00:00,-0.47
2021-11-17T22:00:00,-0.08
2021-11-18T22:00:00,0.03
2021-11-21T22:00:00,-0.07
2021-11-22T22:00:00,0.27
2021-11-23T22:00:00,0.31
2021-11-24T22:00:00,0.18
2021-11-25T22:00:00,-1.22
2021-11-28T22:00:00,0.08
2021-11-29T22:00:00,-0.38
2021-11-30T22:00:00,-0.21
2021-12-01T22:00:00,0.18
2021-12-02T22:00:00,-0.02
2021-12-05T22:00:00,0.58
2021-12-06T22:00:00,0.66
2021-12-07T22:00:00,-0.29
2021-12-08T22:00:00,-0.31
2021-12-09T22:00:00,-0.26
2021-12-12T22:00:00,-0.32
2021-12-13T22:00:00,-0.27
2021-12-14T22:00:00,-0.0
2021-12-15T22:00:00,0.19
2021-12-16T22:00:00,-0.38
2021-12-19T22:00:00,-0.34
2021-12-20T22:00:00,0.05
2021-12-21T22:00:00,0.18
2021-12-22T22:00:00,0.11
2021-12-23T22:00:00,0.11
2021-12-26T22:00:00,0.12
2021-12-27T22:00:00,-0.17
2021-12-28T22:00:00,0.01
2021-12-29T22:00:00,0.38
2021-12-30T22:00:00,0.56
2022-01-02T22:00:00,-0.34
2022-01-03T22:00:00,0.25
2022-01-04T22:00:00,-0.29
2022-01-05T22:00:00,0.47
2022-01-06T22:00:00,0.34
2022-01-09T22:00:00,-0.08
2022-01-10T22:00:00,0.48
2022-01-11T22:00:00,0.0
2022-01-12T22:00:00,-0.23
2022-01-13T22:00:00,0.02
2022-01-16T22:00:00,0.29
2022-01-17T22:00:00,0.26
2022-01-18T22:00:00,-0.15
2022-01-19T22:00:00,0.1
2022-01-20T22:00:00,-0.53
2022-01-23T22:00:00,-0.2
2022-01-24T22:00:00,0.08
2022-01-25T22:00:00,0.1
2022-01-26T22:00:00,0.0
2022-01-27T22:00:00,-0.14
2022-01-30T22:00:00,0.08
2022-01-31T22:00:00,-0.24
2022-02-01T22:00:00,0.0
2022-02-02T22:00:00,-0.19
2022-02-03T22:00:00,-0.33
2022-02-06T22:00:00,0.45
2022-02-07T22:00:00,-0.21
2022-02-08T22:00:00,0.11
2022-02-09T22:00:00,-0.26
2022-02-10T22:00:00,0.03
2022-02-13T22:00:00,0.16
2022-02-14T22:00:00,-0.04
2022-02-15T22:00:00,-0.04
2022-02-16T22:00:00,-0.23
2022-02-17T22:00:00,-0.22
2022-02-20T22:00:00,-0.15
2022-02-21T22:00:00,-0.11
2022-02-22T22:00:00,0.19
2022-02-23T22:00:00,0.05
2022-02-24T22:00:00,0.53
2022-02-27T22:00:00,0.12
2022-02-28T22:00:00,-0.28
2022-03-01T22:00:00,0.65
2022-03-02T22:00:00,-0.34
2022-03-03T22:00:00,-0.34
2022-03-06T22:00:00,-0.24
2022-03-07T22:00:00,-0.34
2022-03-08T22:00:00,0.17
2022-03-09T22:00:00,0.42
2022-03-10T22:00:00,0.57
2022-03-13T21:00:00,-0.24
2022-03-14T21:00:00,0.35
2022-03-15T21:00:00,0.23
2022-03-16T21:00:00,0.05
2022-03-17T21:00:00,0.11
2022-03-20T21:00:00,0.24
2022-03-21T21:00:00,-0.05
2022-03-22T21:00:00,0.09
2022-03-23T21:00:00,0.34
2022-03-24T21:00:00,0.36
2022-03-27T21:00:00,0.13
2022-03-28T21:00:00,-0.21
2022-03-29T21:00:00,-0.25
2022-03-30T21:00:00,0.0
2022-03-31T21:00:00,0.09
2022-04-03T21:00:00,0.17
2022-04-04T21:00:00,0.16
2022-04-05T21:00:00,-0.19
2022-04-06T21:00:00,-0.24
2022-04-07T21:00:00,0.29
2022-04-10T21:00:00,-0.25
2022-04-11T21:00:00,-0.08
2022-04-12T21:00:00,0.53
2022-04-13T21:00:00,-0.08
2022-04-14T21:00:00,0.07
2022-04-17T21:00:00,0.29
2022-04-18T21:00:00,0.18
2022-04-19T21:00:00,0.42
2022-04-20T21:00:00,-0.24
2022-04-21T21:00:00,-0.29
2022-04-24T21:00:00,0.18
2022-04-25T21:00:00,-0.28
2022-04-26T21:00:00,0.36
2022-04-27T21:00:00,0.64
2022-04-28T21:00:00,-0.5
2022-05-01T21:00:00,0.08
2022-05-02T21:00:00,0.2
2022-05-03T21:00:00,0.24
2022-05-04T21:00:00,0.02
2022-05-05T21:00:00,-0.34
2022-05-08T21:00:00,-0.36
2022-05-09T21:00:00,0.06
2022-05-10T21:00:00,0.24
2022-05-11T21:00:00,0.06
2022-05-12T21:00:00,0.67
2022-05-15T21:00:00,0.27
2022-05-16T21:00:00,-0.28
2022-05-17T21:00:00,-0.25
2022-05-18T21:00:00,-0.29
2022-05-19T21:00:00,-0.11
2022-05-22T21:00:00,-0.0
2022-05-23T21:00:00,-0.5
2022-05-24T21:00:00,0.11
2022-05-25T21:00:00,0.14
2022-05-26T21:00:00,0.12
2022-05-29T21:00:00,0.41
2022-05-30T21:00:00,0.34
2022-05-31T21:00:00,0.34
2022-06-01T21:00:00,0.09
2022-06-02T21:00:00,0.27
2022-06-05T21:00:00,0.35
2022-06-06T21:00:00,0.28
2022-06-07T21:00:00,0.17
2022-06-08T21:00:00,-0.56
2022-06-09T21:00:00,-0.15
